country,year,month,month_num,category,events,fatalities
Egypt,1997,January,1,civilian_targeting,2,2
Egypt,1997,February,2,civilian_targeting,2,12
Egypt,1997,March,3,civilian_targeting,2,14
Egypt,1997,April,4,civilian_targeting,1,2
Egypt,1997,May,5,civilian_targeting,0,0
Egypt,1997,June,6,civilian_targeting,0,0
Egypt,1997,July,7,civilian_targeting,0,0
Egypt,1997,August,8,civilian_targeting,1,1
Egypt,1997,September,9,civilian_targeting,3,16
Egypt,1997,October,10,civilian_targeting,0,0
Egypt,1997,November,11,civilian_targeting,2,63
Egypt,1997,December,12,civilian_targeting,0,0
Egypt,1998,January,1,civilian_targeting,0,0
Egypt,1998,February,2,civilian_targeting,0,0
Egypt,1998,March,3,civilian_targeting,2,8
Egypt,1998,April,4,civilian_targeting,1,2
Egypt,1998,May,5,civilian_targeting,0,0
Egypt,1998,June,6,civilian_targeting,0,0
Egypt,1998,July,7,civilian_targeting,0,0
Egypt,1998,August,8,civilian_targeting,1,0
Egypt,1998,September,9,civilian_targeting,0,0
Egypt,1998,October,10,civilian_targeting,0,0
Egypt,1998,November,11,civilian_targeting,0,0
Egypt,1998,December,12,civilian_targeting,0,0
Egypt,1999,January,1,civilian_targeting,1,1
Egypt,1999,February,2,civilian_targeting,0,0
Egypt,1999,March,3,civilian_targeting,0,0
Egypt,1999,April,4,civilian_targeting,0,0
Egypt,1999,May,5,civilian_targeting,0,0
Egypt,1999,June,6,civilian_targeting,0,0
Egypt,1999,July,7,civilian_targeting,0,0
Egypt,1999,August,8,civilian_targeting,0,0
Egypt,1999,September,9,civilian_targeting,1,1
Egypt,1999,October,10,civilian_targeting,0,0
Egypt,1999,November,11,civilian_targeting,0,0
Egypt,1999,December,12,civilian_targeting,0,0
Egypt,2000,January,1,civilian_targeting,0,0
Egypt,2000,February,2,civilian_targeting,0,0
Egypt,2000,March,3,civilian_targeting,0,0
Egypt,2000,April,4,civilian_targeting,0,0
Egypt,2000,May,5,civilian_targeting,0,0
Egypt,2000,June,6,civilian_targeting,0,0
Egypt,2000,July,7,civilian_targeting,0,0
Egypt,2000,August,8,civilian_targeting,0,0
Egypt,2000,September,9,civilian_targeting,0,0
Egypt,2000,October,10,civilian_targeting,2,1
Egypt,2000,November,11,civilian_targeting,4,5
Egypt,2000,December,12,civilian_targeting,0,0
Egypt,2001,January,1,civilian_targeting,0,0
Egypt,2001,February,2,civilian_targeting,1,0
Egypt,2001,March,3,civilian_targeting,1,0
Egypt,2001,April,4,civilian_targeting,0,0
Egypt,2001,May,5,civilian_targeting,0,0
Egypt,2001,June,6,civilian_targeting,1,0
Egypt,2001,July,7,civilian_targeting,0,0
Egypt,2001,August,8,civilian_targeting,0,0
Egypt,2001,September,9,civilian_targeting,0,0
Egypt,2001,October,10,civilian_targeting,0,0
Egypt,2001,November,11,civilian_targeting,0,0
Egypt,2001,December,12,civilian_targeting,0,0
Egypt,2002,January,1,civilian_targeting,0,0
Egypt,2002,February,2,civilian_targeting,0,0
Egypt,2002,March,3,civilian_targeting,1,0
Egypt,2002,April,4,civilian_targeting,1,1
Egypt,2002,May,5,civilian_targeting,0,0
Egypt,2002,June,6,civilian_targeting,0,0
Egypt,2002,July,7,civilian_targeting,0,0
Egypt,2002,August,8,civilian_targeting,0,0
Egypt,2002,September,9,civilian_targeting,0,0
Egypt,2002,October,10,civilian_targeting,0,0
Egypt,2002,November,11,civilian_targeting,0,0
Egypt,2002,December,12,civilian_targeting,0,0
Egypt,2003,January,1,civilian_targeting,0,0
Egypt,2003,February,2,civilian_targeting,0,0
Egypt,2003,March,3,civilian_targeting,0,0
Egypt,2003,April,4,civilian_targeting,0,0
Egypt,2003,May,5,civilian_targeting,0,0
Egypt,2003,June,6,civilian_targeting,0,0
Egypt,2003,July,7,civilian_targeting,0,0
Egypt,2003,August,8,civilian_targeting,0,0
Egypt,2003,September,9,civilian_targeting,0,0
Egypt,2003,October,10,civilian_targeting,0,0
Egypt,2003,November,11,civilian_targeting,0,0
Egypt,2003,December,12,civilian_targeting,0,0
Egypt,2004,January,1,civilian_targeting,0,0
Egypt,2004,February,2,civilian_targeting,0,0
Egypt,2004,March,3,civilian_targeting,0,0
Egypt,2004,April,4,civilian_targeting,0,0
Egypt,2004,May,5,civilian_targeting,0,0
Egypt,2004,June,6,civilian_targeting,0,0
Egypt,2004,July,7,civilian_targeting,0,0
Egypt,2004,August,8,civilian_targeting,0,0
Egypt,2004,September,9,civilian_targeting,0,0
Egypt,2004,October,10,civilian_targeting,1,28
Egypt,2004,November,11,civilian_targeting,0,0
Egypt,2004,December,12,civilian_targeting,0,0
Egypt,2005,January,1,civilian_targeting,0,0
Egypt,2005,February,2,civilian_targeting,0,0
Egypt,2005,March,3,civilian_targeting,0,0
Egypt,2005,April,4,civilian_targeting,2,4
Egypt,2005,May,5,civilian_targeting,0,0
Egypt,2005,June,6,civilian_targeting,0,0
Egypt,2005,July,7,civilian_targeting,1,88
Egypt,2005,August,8,civilian_targeting,0,0
Egypt,2005,September,9,civilian_targeting,0,0
Egypt,2005,October,10,civilian_targeting,0,0
Egypt,2005,November,11,civilian_targeting,1,0
Egypt,2005,December,12,civilian_targeting,7,10
Egypt,2006,January,1,civilian_targeting,0,0
Egypt,2006,February,2,civilian_targeting,0,0
Egypt,2006,March,3,civilian_targeting,0,0
Egypt,2006,April,4,civilian_targeting,1,24
Egypt,2006,May,5,civilian_targeting,0,0
Egypt,2006,June,6,civilian_targeting,0,0
Egypt,2006,July,7,civilian_targeting,0,0
Egypt,2006,August,8,civilian_targeting,0,0
Egypt,2006,September,9,civilian_targeting,0,0
Egypt,2006,October,10,civilian_targeting,0,0
Egypt,2006,November,11,civilian_targeting,0,0
Egypt,2006,December,12,civilian_targeting,0,0
Egypt,2007,January,1,civilian_targeting,0,0
Egypt,2007,February,2,civilian_targeting,0,0
Egypt,2007,March,3,civilian_targeting,0,0
Egypt,2007,April,4,civilian_targeting,0,0
Egypt,2007,May,5,civilian_targeting,0,0
Egypt,2007,June,6,civilian_targeting,0,0
Egypt,2007,July,7,civilian_targeting,1,0
Egypt,2007,August,8,civilian_targeting,0,0
Egypt,2007,September,9,civilian_targeting,0,0
Egypt,2007,October,10,civilian_targeting,0,0
Egypt,2007,November,11,civilian_targeting,0,0
Egypt,2007,December,12,civilian_targeting,0,0
Egypt,2008,January,1,civilian_targeting,2,3
Egypt,2008,February,2,civilian_targeting,1,1
Egypt,2008,March,3,civilian_targeting,6,5
Egypt,2008,April,4,civilian_targeting,1,1
Egypt,2008,May,5,civilian_targeting,2,2
Egypt,2008,June,6,civilian_targeting,1,1
Egypt,2008,July,7,civilian_targeting,2,2
Egypt,2008,August,8,civilian_targeting,2,2
Egypt,2008,September,9,civilian_targeting,2,2
Egypt,2008,October,10,civilian_targeting,1,1
Egypt,2008,November,11,civilian_targeting,1,1
Egypt,2008,December,12,civilian_targeting,0,0
Egypt,2009,January,1,civilian_targeting,1,0
Egypt,2009,February,2,civilian_targeting,2,0
Egypt,2009,March,3,civilian_targeting,0,0
Egypt,2009,April,4,civilian_targeting,2,2
Egypt,2009,May,5,civilian_targeting,2,1
Egypt,2009,June,6,civilian_targeting,2,2
Egypt,2009,July,7,civilian_targeting,1,1
Egypt,2009,August,8,civilian_targeting,0,0
Egypt,2009,September,9,civilian_targeting,3,6
Egypt,2009,October,10,civilian_targeting,2,0
Egypt,2009,November,11,civilian_targeting,1,0
Egypt,2009,December,12,civilian_targeting,2,1
Egypt,2010,January,1,civilian_targeting,8,8
Egypt,2010,February,2,civilian_targeting,8,6
Egypt,2010,March,3,civilian_targeting,2,3
Egypt,2010,April,4,civilian_targeting,4,10
Egypt,2010,May,5,civilian_targeting,5,6
Egypt,2010,June,6,civilian_targeting,10,6
Egypt,2010,July,7,civilian_targeting,5,11
Egypt,2010,August,8,civilian_targeting,2,8
Egypt,2010,September,9,civilian_targeting,3,3
Egypt,2010,October,10,civilian_targeting,1,1
Egypt,2010,November,11,civilian_targeting,2,0
Egypt,2010,December,12,civilian_targeting,0,0
Egypt,2011,January,1,civilian_targeting,15,30
Egypt,2011,February,2,civilian_targeting,21,8
Egypt,2011,March,3,civilian_targeting,9,62
Egypt,2011,April,4,civilian_targeting,3,4
Egypt,2011,May,5,civilian_targeting,4,5
Egypt,2011,June,6,civilian_targeting,3,4
Egypt,2011,July,7,civilian_targeting,14,6
Egypt,2011,August,8,civilian_targeting,7,3
Egypt,2011,September,9,civilian_targeting,7,1
Egypt,2011,October,10,civilian_targeting,9,43
Egypt,2011,November,11,civilian_targeting,15,6
Egypt,2011,December,12,civilian_targeting,8,1
Egypt,2012,January,1,civilian_targeting,5,2
Egypt,2012,February,2,civilian_targeting,1,0
Egypt,2012,March,3,civilian_targeting,0,0
Egypt,2012,April,4,civilian_targeting,0,0
Egypt,2012,May,5,civilian_targeting,4,11
Egypt,2012,June,6,civilian_targeting,4,2
Egypt,2012,July,7,civilian_targeting,7,2
Egypt,2012,August,8,civilian_targeting,1,0
Egypt,2012,September,9,civilian_targeting,3,0
Egypt,2012,October,10,civilian_targeting,9,0
Egypt,2012,November,11,civilian_targeting,6,6
Egypt,2012,December,12,civilian_targeting,5,2
Egypt,2013,January,1,civilian_targeting,5,1
Egypt,2013,February,2,civilian_targeting,22,10
Egypt,2013,March,3,civilian_targeting,32,13
Egypt,2013,April,4,civilian_targeting,9,5
Egypt,2013,May,5,civilian_targeting,8,4
Egypt,2013,June,6,civilian_targeting,17,12
Egypt,2013,July,7,civilian_targeting,40,41
Egypt,2013,August,8,civilian_targeting,30,547
Egypt,2013,September,9,civilian_targeting,20,17
Egypt,2013,October,10,civilian_targeting,11,8
Egypt,2013,November,11,civilian_targeting,11,3
Egypt,2013,December,12,civilian_targeting,11,2
Egypt,2014,January,1,civilian_targeting,26,10
Egypt,2014,February,2,civilian_targeting,6,4
Egypt,2014,March,3,civilian_targeting,15,5
Egypt,2014,April,4,civilian_targeting,6,1
Egypt,2014,May,5,civilian_targeting,12,7
Egypt,2014,June,6,civilian_targeting,18,9
Egypt,2014,July,7,civilian_targeting,14,18
Egypt,2014,August,8,civilian_targeting,20,13
Egypt,2014,September,9,civilian_targeting,14,12
Egypt,2014,October,10,civilian_targeting,16,13
Egypt,2014,November,11,civilian_targeting,17,20
Egypt,2014,December,12,civilian_targeting,10,9
Egypt,2015,January,1,civilian_targeting,36,42
Egypt,2015,February,2,civilian_targeting,24,47
Egypt,2015,March,3,civilian_targeting,11,12
Egypt,2015,April,4,civilian_targeting,23,25
Egypt,2015,May,5,civilian_targeting,31,21
Egypt,2015,June,6,civilian_targeting,28,20
Egypt,2015,July,7,civilian_targeting,17,21
Egypt,2015,August,8,civilian_targeting,19,30
Egypt,2015,September,9,civilian_targeting,13,17
Egypt,2015,October,10,civilian_targeting,14,228
Egypt,2015,November,11,civilian_targeting,23,25
Egypt,2015,December,12,civilian_targeting,16,10
Egypt,2016,January,1,civilian_targeting,14,9
Egypt,2016,February,2,civilian_targeting,22,12
Egypt,2016,March,3,civilian_targeting,8,15
Egypt,2016,April,4,civilian_targeting,7,3
Egypt,2016,May,5,civilian_targeting,9,9
Egypt,2016,June,6,civilian_targeting,12,13
Egypt,2016,July,7,civilian_targeting,13,10
Egypt,2016,August,8,civilian_targeting,6,7
Egypt,2016,September,9,civilian_targeting,12,13
Egypt,2016,October,10,civilian_targeting,18,21
Egypt,2016,November,11,civilian_targeting,16,17
Egypt,2016,December,12,civilian_targeting,1,30
Egypt,2017,January,1,civilian_targeting,3,14
Egypt,2017,February,2,civilian_targeting,16,20
Egypt,2017,March,3,civilian_targeting,7,7
Egypt,2017,April,4,civilian_targeting,16,72
Egypt,2017,May,5,civilian_targeting,10,39
Egypt,2017,June,6,civilian_targeting,5,8
Egypt,2017,July,7,civilian_targeting,3,4
Egypt,2017,August,8,civilian_targeting,0,0
Egypt,2017,September,9,civilian_targeting,5,11
Egypt,2017,October,10,civilian_targeting,8,10
Egypt,2017,November,11,civilian_targeting,5,312
Egypt,2017,December,12,civilian_targeting,5,14
Egypt,2018,January,1,civilian_targeting,11,13
Egypt,2018,February,2,civilian_targeting,1,0
Egypt,2018,March,3,civilian_targeting,3,1
Egypt,2018,April,4,civilian_targeting,0,0
Egypt,2018,May,5,civilian_targeting,2,5
Egypt,2018,June,6,civilian_targeting,7,7
Egypt,2018,July,7,civilian_targeting,0,0
Egypt,2018,August,8,civilian_targeting,4,2
Egypt,2018,September,9,civilian_targeting,3,4
Egypt,2018,October,10,civilian_targeting,6,8
Egypt,2018,November,11,civilian_targeting,10,10
Egypt,2018,December,12,civilian_targeting,12,12
Egypt,2019,January,1,civilian_targeting,15,2
Egypt,2019,February,2,civilian_targeting,8,9
Egypt,2019,March,3,civilian_targeting,11,2
Egypt,2019,April,4,civilian_targeting,6,6
Egypt,2019,May,5,civilian_targeting,7,7
Egypt,2019,June,6,civilian_targeting,12,20
Egypt,2019,July,7,civilian_targeting,11,10
Egypt,2019,August,8,civilian_targeting,8,28
Egypt,2019,September,9,civilian_targeting,8,7
Egypt,2019,October,10,civilian_targeting,14,19
Egypt,2019,November,11,civilian_targeting,6,1
Egypt,2019,December,12,civilian_targeting,11,3
Egypt,2020,January,1,civilian_targeting,11,7
Egypt,2020,February,2,civilian_targeting,6,4
Egypt,2020,March,3,civilian_targeting,9,18
Egypt,2020,April,4,civilian_targeting,5,4
Egypt,2020,May,5,civilian_targeting,10,9
Egypt,2020,June,6,civilian_targeting,6,1
Egypt,2020,July,7,civilian_targeting,11,7
Egypt,2020,August,8,civilian_targeting,11,7
Egypt,2020,September,9,civilian_targeting,8,6
Egypt,2020,October,10,civilian_targeting,10,16
Egypt,2020,November,11,civilian_targeting,7,1
Egypt,2020,December,12,civilian_targeting,8,8
Egypt,2021,January,1,civilian_targeting,16,10
Egypt,2021,February,2,civilian_targeting,7,4
Egypt,2021,March,3,civilian_targeting,9,13
Egypt,2021,April,4,civilian_targeting,9,10
Egypt,2021,May,5,civilian_targeting,6,4
Egypt,2021,June,6,civilian_targeting,3,0
Egypt,2021,July,7,civilian_targeting,0,0
Egypt,2021,August,8,civilian_targeting,4,3
Egypt,2021,September,9,civilian_targeting,1,0
Egypt,2021,October,10,civilian_targeting,1,0
Egypt,2021,November,11,civilian_targeting,2,0
Egypt,2021,December,12,civilian_targeting,8,7
Egypt,2022,January,1,civilian_targeting,5,0
Egypt,2022,February,2,civilian_targeting,6,2
Egypt,2022,March,3,civilian_targeting,6,5
Egypt,2022,April,4,civilian_targeting,8,11
Egypt,2022,May,5,civilian_targeting,2,0
Egypt,2022,June,6,civilian_targeting,4,3
Egypt,2022,July,7,civilian_targeting,6,3
Egypt,2022,August,8,civilian_targeting,11,8
Egypt,2022,September,9,civilian_targeting,4,3
Egypt,2022,October,10,civilian_targeting,0,0
Egypt,2022,November,11,civilian_targeting,0,0
Egypt,2022,December,12,civilian_targeting,4,0
Egypt,2023,January,1,civilian_targeting,0,0
Egypt,2023,February,2,civilian_targeting,0,0
Egypt,2023,March,3,civilian_targeting,3,3
Egypt,2023,April,4,civilian_targeting,1,0
Egypt,2023,May,5,civilian_targeting,2,1
Egypt,2023,June,6,civilian_targeting,2,7
Egypt,2023,July,7,civilian_targeting,3,2
Egypt,2023,August,8,civilian_targeting,3,2
Egypt,2023,September,9,civilian_targeting,1,1
Egypt,2023,October,10,civilian_targeting,4,3
Egypt,2023,November,11,civilian_targeting,1,0
Egypt,2023,December,12,civilian_targeting,1,0
Egypt,2024,January,1,civilian_targeting,1,5
Egypt,2024,February,2,civilian_targeting,2,2
Egypt,2024,March,3,civilian_targeting,3,0
Egypt,2024,April,4,civilian_targeting,5,2
Egypt,2024,May,5,civilian_targeting,3,2
Egypt,2024,June,6,civilian_targeting,1,0
Egypt,2024,July,7,civilian_targeting,4,0
Egypt,2024,August,8,civilian_targeting,1,1
Egypt,2024,September,9,civilian_targeting,3,0
Egypt,2024,October,10,civilian_targeting,1,1
Egypt,2024,November,11,civilian_targeting,1,0
Egypt,2024,December,12,civilian_targeting,4,4
Egypt,2025,January,1,civilian_targeting,0,0
Egypt,2025,February,2,civilian_targeting,1,0
Egypt,2025,March,3,civilian_targeting,5,0
Egypt,2025,April,4,civilian_targeting,2,3
Egypt,2025,May,5,civilian_targeting,3,5
Egypt,2025,June,6,civilian_targeting,0,0
Egypt,2025,July,7,civilian_targeting,1,1
Egypt,2025,August,8,civilian_targeting,7,6
Egypt,2025,September,9,civilian_targeting,4,13
Egypt,2025,October,10,civilian_targeting,4,3
Egypt,2025,November,11,civilian_targeting,1,0
Egypt,2025,December,12,civilian_targeting,2,2
Egypt,2026,January,1,civilian_targeting,5,2
Egypt,2026,February,2,civilian_targeting,4,2
Egypt,2026,March,3,civilian_targeting,1,0
Egypt,2026,April,4,civilian_targeting,0,0
Egypt,2026,May,5,civilian_targeting,3,2
Egypt,2026,June,6,civilian_targeting,3,0
Egypt,2026,July,7,civilian_targeting,3,1
Egypt,2026,August,8,civilian_targeting,4,10
Egypt,2026,September,9,civilian_targeting,1,0
Egypt,1997,January,1,demonstrations,0,
Egypt,1997,February,2,demonstrations,0,
Egypt,1997,March,3,demonstrations,2,
Egypt,1997,April,4,demonstrations,0,
Egypt,1997,May,5,demonstrations,0,
Egypt,1997,June,6,demonstrations,2,
Egypt,1997,July,7,demonstrations,4,
Egypt,1997,August,8,demonstrations,0,
Egypt,1997,September,9,demonstrations,0,
Egypt,1997,October,10,demonstrations,0,
Egypt,1997,November,11,demonstrations,0,
Egypt,1997,December,12,demonstrations,0,
Egypt,1998,January,1,demonstrations,0,
Egypt,1998,February,2,demonstrations,0,
Egypt,1998,March,3,demonstrations,0,
Egypt,1998,April,4,demonstrations,1,
Egypt,1998,May,5,demonstrations,0,
Egypt,1998,June,6,demonstrations,0,
Egypt,1998,July,7,demonstrations,0,
Egypt,1998,August,8,demonstrations,0,
Egypt,1998,September,9,demonstrations,0,
Egypt,1998,October,10,demonstrations,0,
Egypt,1998,November,11,demonstrations,0,
Egypt,1998,December,12,demonstrations,7,
Egypt,1999,January,1,demonstrations,0,
Egypt,1999,February,2,demonstrations,1,
Egypt,1999,March,3,demonstrations,0,
Egypt,1999,April,4,demonstrations,2,
Egypt,1999,May,5,demonstrations,0,
Egypt,1999,June,6,demonstrations,0,
Egypt,1999,July,7,demonstrations,0,
Egypt,1999,August,8,demonstrations,0,
Egypt,1999,September,9,demonstrations,0,
Egypt,1999,October,10,demonstrations,0,
Egypt,1999,November,11,demonstrations,1,
Egypt,1999,December,12,demonstrations,1,
Egypt,2000,January,1,demonstrations,0,
Egypt,2000,February,2,demonstrations,4,
Egypt,2000,March,3,demonstrations,1,
Egypt,2000,April,4,demonstrations,0,
Egypt,2000,May,5,demonstrations,6,
Egypt,2000,June,6,demonstrations,0,
Egypt,2000,July,7,demonstrations,0,
Egypt,2000,August,8,demonstrations,0,
Egypt,2000,September,9,demonstrations,0,
Egypt,2000,October,10,demonstrations,12,
Egypt,2000,November,11,demonstrations,0,
Egypt,2000,December,12,demonstrations,0,
Egypt,2001,January,1,demonstrations,0,
Egypt,2001,February,2,demonstrations,0,
Egypt,2001,March,3,demonstrations,0,
Egypt,2001,April,4,demonstrations,1,
Egypt,2001,May,5,demonstrations,2,
Egypt,2001,June,6,demonstrations,7,
Egypt,2001,July,7,demonstrations,0,
Egypt,2001,August,8,demonstrations,0,
Egypt,2001,September,9,demonstrations,2,
Egypt,2001,October,10,demonstrations,8,
Egypt,2001,November,11,demonstrations,0,
Egypt,2001,December,12,demonstrations,0,
Egypt,2002,January,1,demonstrations,3,
Egypt,2002,February,2,demonstrations,0,
Egypt,2002,March,3,demonstrations,15,
Egypt,2002,April,4,demonstrations,23,
Egypt,2002,May,5,demonstrations,2,
Egypt,2002,June,6,demonstrations,0,
Egypt,2002,July,7,demonstrations,1,
Egypt,2002,August,8,demonstrations,0,
Egypt,2002,September,9,demonstrations,0,
Egypt,2002,October,10,demonstrations,0,
Egypt,2002,November,11,demonstrations,1,
Egypt,2002,December,12,demonstrations,1,
Egypt,2003,January,1,demonstrations,0,
Egypt,2003,February,2,demonstrations,0,
Egypt,2003,March,3,demonstrations,2,
Egypt,2003,April,4,demonstrations,0,
Egypt,2003,May,5,demonstrations,0,
Egypt,2003,June,6,demonstrations,0,
Egypt,2003,July,7,demonstrations,0,
Egypt,2003,August,8,demonstrations,0,
Egypt,2003,September,9,demonstrations,0,
Egypt,2003,October,10,demonstrations,0,
Egypt,2003,November,11,demonstrations,0,
Egypt,2003,December,12,demonstrations,0,
Egypt,2004,January,1,demonstrations,0,
Egypt,2004,February,2,demonstrations,0,
Egypt,2004,March,3,demonstrations,0,
Egypt,2004,April,4,demonstrations,0,
Egypt,2004,May,5,demonstrations,0,
Egypt,2004,June,6,demonstrations,0,
Egypt,2004,July,7,demonstrations,0,
Egypt,2004,August,8,demonstrations,0,
Egypt,2004,September,9,demonstrations,0,
Egypt,2004,October,10,demonstrations,0,
Egypt,2004,November,11,demonstrations,0,
Egypt,2004,December,12,demonstrations,0,
Egypt,2005,January,1,demonstrations,1,
Egypt,2005,February,2,demonstrations,1,
Egypt,2005,March,3,demonstrations,4,
Egypt,2005,April,4,demonstrations,6,
Egypt,2005,May,5,demonstrations,7,
Egypt,2005,June,6,demonstrations,0,
Egypt,2005,July,7,demonstrations,2,
Egypt,2005,August,8,demonstrations,1,
Egypt,2005,September,9,demonstrations,0,
Egypt,2005,October,10,demonstrations,5,
Egypt,2005,November,11,demonstrations,0,
Egypt,2005,December,12,demonstrations,2,
Egypt,2006,January,1,demonstrations,0,
Egypt,2006,February,2,demonstrations,0,
Egypt,2006,March,3,demonstrations,0,
Egypt,2006,April,4,demonstrations,0,
Egypt,2006,May,5,demonstrations,2,
Egypt,2006,June,6,demonstrations,0,
Egypt,2006,July,7,demonstrations,0,
Egypt,2006,August,8,demonstrations,0,
Egypt,2006,September,9,demonstrations,0,
Egypt,2006,October,10,demonstrations,0,
Egypt,2006,November,11,demonstrations,0,
Egypt,2006,December,12,demonstrations,0,
Egypt,2007,January,1,demonstrations,0,
Egypt,2007,February,2,demonstrations,1,
Egypt,2007,March,3,demonstrations,0,
Egypt,2007,April,4,demonstrations,0,
Egypt,2007,May,5,demonstrations,0,
Egypt,2007,June,6,demonstrations,0,
Egypt,2007,July,7,demonstrations,0,
Egypt,2007,August,8,demonstrations,0,
Egypt,2007,September,9,demonstrations,0,
Egypt,2007,October,10,demonstrations,0,
Egypt,2007,November,11,demonstrations,0,
Egypt,2007,December,12,demonstrations,0,
Egypt,2008,January,1,demonstrations,5,
Egypt,2008,February,2,demonstrations,5,
Egypt,2008,March,3,demonstrations,10,
Egypt,2008,April,4,demonstrations,6,
Egypt,2008,May,5,demonstrations,1,
Egypt,2008,June,6,demonstrations,3,
Egypt,2008,July,7,demonstrations,1,
Egypt,2008,August,8,demonstrations,0,
Egypt,2008,September,9,demonstrations,2,
Egypt,2008,October,10,demonstrations,1,
Egypt,2008,November,11,demonstrations,3,
Egypt,2008,December,12,demonstrations,6,
Egypt,2009,January,1,demonstrations,13,
Egypt,2009,February,2,demonstrations,1,
Egypt,2009,March,3,demonstrations,2,
Egypt,2009,April,4,demonstrations,2,
Egypt,2009,May,5,demonstrations,0,
Egypt,2009,June,6,demonstrations,0,
Egypt,2009,July,7,demonstrations,1,
Egypt,2009,August,8,demonstrations,1,
Egypt,2009,September,9,demonstrations,0,
Egypt,2009,October,10,demonstrations,0,
Egypt,2009,November,11,demonstrations,1,
Egypt,2009,December,12,demonstrations,2,
Egypt,2010,January,1,demonstrations,8,
Egypt,2010,February,2,demonstrations,4,
Egypt,2010,March,3,demonstrations,2,
Egypt,2010,April,4,demonstrations,9,
Egypt,2010,May,5,demonstrations,12,
Egypt,2010,June,6,demonstrations,6,
Egypt,2010,July,7,demonstrations,1,
Egypt,2010,August,8,demonstrations,1,
Egypt,2010,September,9,demonstrations,4,
Egypt,2010,October,10,demonstrations,1,
Egypt,2010,November,11,demonstrations,10,
Egypt,2010,December,12,demonstrations,6,
Egypt,2011,January,1,demonstrations,169,
Egypt,2011,February,2,demonstrations,319,
Egypt,2011,March,3,demonstrations,39,
Egypt,2011,April,4,demonstrations,56,
Egypt,2011,May,5,demonstrations,173,
Egypt,2011,June,6,demonstrations,126,
Egypt,2011,July,7,demonstrations,46,
Egypt,2011,August,8,demonstrations,22,
Egypt,2011,September,9,demonstrations,26,
Egypt,2011,October,10,demonstrations,143,
Egypt,2011,November,11,demonstrations,81,
Egypt,2011,December,12,demonstrations,54,
Egypt,2012,January,1,demonstrations,13,
Egypt,2012,February,2,demonstrations,17,
Egypt,2012,March,3,demonstrations,3,
Egypt,2012,April,4,demonstrations,11,
Egypt,2012,May,5,demonstrations,13,
Egypt,2012,June,6,demonstrations,23,
Egypt,2012,July,7,demonstrations,16,
Egypt,2012,August,8,demonstrations,13,
Egypt,2012,September,9,demonstrations,19,
Egypt,2012,October,10,demonstrations,18,
Egypt,2012,November,11,demonstrations,64,
Egypt,2012,December,12,demonstrations,67,
Egypt,2013,January,1,demonstrations,57,
Egypt,2013,February,2,demonstrations,118,
Egypt,2013,March,3,demonstrations,150,
Egypt,2013,April,4,demonstrations,82,
Egypt,2013,May,5,demonstrations,77,
Egypt,2013,June,6,demonstrations,121,
Egypt,2013,July,7,demonstrations,201,
Egypt,2013,August,8,demonstrations,190,
Egypt,2013,September,9,demonstrations,112,
Egypt,2013,October,10,demonstrations,121,
Egypt,2013,November,11,demonstrations,166,
Egypt,2013,December,12,demonstrations,126,
Egypt,2014,January,1,demonstrations,151,
Egypt,2014,February,2,demonstrations,44,
Egypt,2014,March,3,demonstrations,90,
Egypt,2014,April,4,demonstrations,102,
Egypt,2014,May,5,demonstrations,59,
Egypt,2014,June,6,demonstrations,40,
Egypt,2014,July,7,demonstrations,40,
Egypt,2014,August,8,demonstrations,44,
Egypt,2014,September,9,demonstrations,21,
Egypt,2014,October,10,demonstrations,62,
Egypt,2014,November,11,demonstrations,69,
Egypt,2014,December,12,demonstrations,26,
Egypt,2015,January,1,demonstrations,69,
Egypt,2015,February,2,demonstrations,33,
Egypt,2015,March,3,demonstrations,14,
Egypt,2015,April,4,demonstrations,28,
Egypt,2015,May,5,demonstrations,18,
Egypt,2015,June,6,demonstrations,20,
Egypt,2015,July,7,demonstrations,13,
Egypt,2015,August,8,demonstrations,15,
Egypt,2015,September,9,demonstrations,15,
Egypt,2015,October,10,demonstrations,32,
Egypt,2015,November,11,demonstrations,22,
Egypt,2015,December,12,demonstrations,18,
Egypt,2016,January,1,demonstrations,21,
Egypt,2016,February,2,demonstrations,25,
Egypt,2016,March,3,demonstrations,17,
Egypt,2016,April,4,demonstrations,58,
Egypt,2016,May,5,demonstrations,18,
Egypt,2016,June,6,demonstrations,15,
Egypt,2016,July,7,demonstrations,12,
Egypt,2016,August,8,demonstrations,7,
Egypt,2016,September,9,demonstrations,9,
Egypt,2016,October,10,demonstrations,14,
Egypt,2016,November,11,demonstrations,34,
Egypt,2016,December,12,demonstrations,11,
Egypt,2017,January,1,demonstrations,11,
Egypt,2017,February,2,demonstrations,8,
Egypt,2017,March,3,demonstrations,27,
Egypt,2017,April,4,demonstrations,5,
Egypt,2017,May,5,demonstrations,9,
Egypt,2017,June,6,demonstrations,9,
Egypt,2017,July,7,demonstrations,11,
Egypt,2017,August,8,demonstrations,8,
Egypt,2017,September,9,demonstrations,5,
Egypt,2017,October,10,demonstrations,8,
Egypt,2017,November,11,demonstrations,9,
Egypt,2017,December,12,demonstrations,15,
Egypt,2018,January,1,demonstrations,8,
Egypt,2018,February,2,demonstrations,2,
Egypt,2018,March,3,demonstrations,6,
Egypt,2018,April,4,demonstrations,4,
Egypt,2018,May,5,demonstrations,4,
Egypt,2018,June,6,demonstrations,2,
Egypt,2018,July,7,demonstrations,1,
Egypt,2018,August,8,demonstrations,2,
Egypt,2018,September,9,demonstrations,5,
Egypt,2018,October,10,demonstrations,4,
Egypt,2018,November,11,demonstrations,10,
Egypt,2018,December,12,demonstrations,29,
Egypt,2019,January,1,demonstrations,6,
Egypt,2019,February,2,demonstrations,12,
Egypt,2019,March,3,demonstrations,18,
Egypt,2019,April,4,demonstrations,3,
Egypt,2019,May,5,demonstrations,13,
Egypt,2019,June,6,demonstrations,4,
Egypt,2019,July,7,demonstrations,6,
Egypt,2019,August,8,demonstrations,3,
Egypt,2019,September,9,demonstrations,21,
Egypt,2019,October,10,demonstrations,16,
Egypt,2019,November,11,demonstrations,6,
Egypt,2019,December,12,demonstrations,6,
Egypt,2020,January,1,demonstrations,3,
Egypt,2020,February,2,demonstrations,12,
Egypt,2020,March,3,demonstrations,8,
Egypt,2020,April,4,demonstrations,11,
Egypt,2020,May,5,demonstrations,4,
Egypt,2020,June,6,demonstrations,2,
Egypt,2020,July,7,demonstrations,4,
Egypt,2020,August,8,demonstrations,1,
Egypt,2020,September,9,demonstrations,57,
Egypt,2020,October,10,demonstrations,2,
Egypt,2020,November,11,demonstrations,1,
Egypt,2020,December,12,demonstrations,5,
Egypt,2021,January,1,demonstrations,11,
Egypt,2021,February,2,demonstrations,1,
Egypt,2021,March,3,demonstrations,5,
Egypt,2021,April,4,demonstrations,1,
Egypt,2021,May,5,demonstrations,6,
Egypt,2021,June,6,demonstrations,2,
Egypt,2021,July,7,demonstrations,1,
Egypt,2021,August,8,demonstrations,3,
Egypt,2021,September,9,demonstrations,2,
Egypt,2021,October,10,demonstrations,0,
Egypt,2021,November,11,demonstrations,1,
Egypt,2021,December,12,demonstrations,2,
Egypt,2022,January,1,demonstrations,6,
Egypt,2022,February,2,demonstrations,4,
Egypt,2022,March,3,demonstrations,1,
Egypt,2022,April,4,demonstrations,1,
Egypt,2022,May,5,demonstrations,0,
Egypt,2022,June,6,demonstrations,1,
Egypt,2022,July,7,demonstrations,1,
Egypt,2022,August,8,demonstrations,7,
Egypt,2022,September,9,demonstrations,1,
Egypt,2022,October,10,demonstrations,1,
Egypt,2022,November,11,demonstrations,8,
Egypt,2022,December,12,demonstrations,16,
Egypt,2023,January,1,demonstrations,2,
Egypt,2023,February,2,demonstrations,5,
Egypt,2023,March,3,demonstrations,0,
Egypt,2023,April,4,demonstrations,0,
Egypt,2023,May,5,demonstrations,0,
Egypt,2023,June,6,demonstrations,2,
Egypt,2023,July,7,demonstrations,3,
Egypt,2023,August,8,demonstrations,8,
Egypt,2023,September,9,demonstrations,2,
Egypt,2023,October,10,demonstrations,146,
Egypt,2023,November,11,demonstrations,5,
Egypt,2023,December,12,demonstrations,2,
Egypt,2024,January,1,demonstrations,7,
Egypt,2024,February,2,demonstrations,7,
Egypt,2024,March,3,demonstrations,7,
Egypt,2024,April,4,demonstrations,11,
Egypt,2024,May,5,demonstrations,9,
Egypt,2024,June,6,demonstrations,8,
Egypt,2024,July,7,demonstrations,1,
Egypt,2024,August,8,demonstrations,7,
Egypt,2024,September,9,demonstrations,11,
Egypt,2024,October,10,demonstrations,14,
Egypt,2024,November,11,demonstrations,6,
Egypt,2024,December,12,demonstrations,4,
Egypt,2025,January,1,demonstrations,12,
Egypt,2025,February,2,demonstrations,7,
Egypt,2025,March,3,demonstrations,46,
Egypt,2025,April,4,demonstrations,33,
Egypt,2025,May,5,demonstrations,20,
Egypt,2025,June,6,demonstrations,31,
Egypt,2025,July,7,demonstrations,11,
Egypt,2025,August,8,demonstrations,4,
Egypt,2025,September,9,demonstrations,8,
Egypt,2025,October,10,demonstrations,11,
Egypt,2025,November,11,demonstrations,35,
Egypt,2025,December,12,demonstrations,10,
Egypt,2026,January,1,demonstrations,28,
Egypt,2026,February,2,demonstrations,16,
Egypt,2026,March,3,demonstrations,10,
Egypt,2026,April,4,demonstrations,10,
Egypt,2026,May,5,demonstrations,4,
Egypt,2026,June,6,demonstrations,7,
Egypt,2026,July,7,demonstrations,14,
Egypt,2026,August,8,demonstrations,9,
Egypt,2026,September,9,demonstrations,0,
Egypt,1997,January,1,political_violence,5,6
Egypt,1997,February,2,political_violence,3,15
Egypt,1997,March,3,political_violence,2,14
Egypt,1997,April,4,political_violence,2,4
Egypt,1997,May,5,political_violence,0,0
Egypt,1997,June,6,political_violence,4,12
Egypt,1997,July,7,political_violence,2,9
Egypt,1997,August,8,political_violence,2,5
Egypt,1997,September,9,political_violence,5,21
Egypt,1997,October,10,political_violence,2,11
Egypt,1997,November,11,political_violence,4,69
Egypt,1997,December,12,political_violence,1,2
Egypt,1998,January,1,political_violence,0,0
Egypt,1998,February,2,political_violence,0,0
Egypt,1998,March,3,political_violence,6,22
Egypt,1998,April,4,political_violence,1,2
Egypt,1998,May,5,political_violence,0,0
Egypt,1998,June,6,political_violence,0,0
Egypt,1998,July,7,political_violence,0,0
Egypt,1998,August,8,political_violence,1,0
Egypt,1998,September,9,political_violence,1,0
Egypt,1998,October,10,political_violence,0,0
Egypt,1998,November,11,political_violence,1,2
Egypt,1998,December,12,political_violence,0,0
Egypt,1999,January,1,political_violence,1,1
Egypt,1999,February,2,political_violence,0,0
Egypt,1999,March,3,political_violence,0,0
Egypt,1999,April,4,political_violence,0,0
Egypt,1999,May,5,political_violence,0,0
Egypt,1999,June,6,political_violence,0,0
Egypt,1999,July,7,political_violence,1,1
Egypt,1999,August,8,political_violence,0,0
Egypt,1999,September,9,political_violence,2,5
Egypt,1999,October,10,political_violence,1,1
Egypt,1999,November,11,political_violence,0,0
Egypt,1999,December,12,political_violence,0,0
Egypt,2000,January,1,political_violence,3,29
Egypt,2000,February,2,political_violence,0,0
Egypt,2000,March,3,political_violence,1,0
Egypt,2000,April,4,political_violence,0,0
Egypt,2000,May,5,political_violence,0,0
Egypt,2000,June,6,political_violence,2,0
Egypt,2000,July,7,political_violence,0,0
Egypt,2000,August,8,political_violence,0,0
Egypt,2000,September,9,political_violence,0,0
Egypt,2000,October,10,political_violence,8,26
Egypt,2000,November,11,political_violence,10,20
Egypt,2000,December,12,political_violence,1,2
Egypt,2001,January,1,political_violence,0,0
Egypt,2001,February,2,political_violence,2,3
Egypt,2001,March,3,political_violence,1,0
Egypt,2001,April,4,political_violence,0,0
Egypt,2001,May,5,political_violence,0,0
Egypt,2001,June,6,political_violence,2,0
Egypt,2001,July,7,political_violence,1,1
Egypt,2001,August,8,political_violence,0,0
Egypt,2001,September,9,political_violence,0,0
Egypt,2001,October,10,political_violence,0,0
Egypt,2001,November,11,political_violence,0,0
Egypt,2001,December,12,political_violence,0,0
Egypt,2002,January,1,political_violence,0,0
Egypt,2002,February,2,political_violence,2,1
Egypt,2002,March,3,political_violence,1,0
Egypt,2002,April,4,political_violence,1,1
Egypt,2002,May,5,political_violence,0,0
Egypt,2002,June,6,political_violence,0,0
Egypt,2002,July,7,political_violence,0,0
Egypt,2002,August,8,political_violence,1,22
Egypt,2002,September,9,political_violence,0,0
Egypt,2002,October,10,political_violence,0,0
Egypt,2002,November,11,political_violence,0,0
Egypt,2002,December,12,political_violence,0,0
Egypt,2003,January,1,political_violence,0,0
Egypt,2003,February,2,political_violence,0,0
Egypt,2003,March,3,political_violence,0,0
Egypt,2003,April,4,political_violence,0,0
Egypt,2003,May,5,political_violence,0,0
Egypt,2003,June,6,political_violence,0,0
Egypt,2003,July,7,political_violence,0,0
Egypt,2003,August,8,political_violence,0,0
Egypt,2003,September,9,political_violence,0,0
Egypt,2003,October,10,political_violence,0,0
Egypt,2003,November,11,political_violence,0,0
Egypt,2003,December,12,political_violence,0,0
Egypt,2004,January,1,political_violence,0,0
Egypt,2004,February,2,political_violence,0,0
Egypt,2004,March,3,political_violence,0,0
Egypt,2004,April,4,political_violence,0,0
Egypt,2004,May,5,political_violence,0,0
Egypt,2004,June,6,political_violence,0,0
Egypt,2004,July,7,political_violence,0,0
Egypt,2004,August,8,political_violence,0,0
Egypt,2004,September,9,political_violence,0,0
Egypt,2004,October,10,political_violence,1,28
Egypt,2004,November,11,political_violence,0,0
Egypt,2004,December,12,political_violence,0,0
Egypt,2005,January,1,political_violence,0,0
Egypt,2005,February,2,political_violence,1,0
Egypt,2005,March,3,political_violence,0,0
Egypt,2005,April,4,political_violence,2,4
Egypt,2005,May,5,political_violence,0,0
Egypt,2005,June,6,political_violence,0,0
Egypt,2005,July,7,political_violence,1,88
Egypt,2005,August,8,political_violence,0,0
Egypt,2005,September,9,political_violence,0,0
Egypt,2005,October,10,political_violence,1,1
Egypt,2005,November,11,political_violence,2,1
Egypt,2005,December,12,political_violence,7,10
Egypt,2006,January,1,political_violence,0,0
Egypt,2006,February,2,political_violence,0,0
Egypt,2006,March,3,political_violence,0,0
Egypt,2006,April,4,political_violence,2,24
Egypt,2006,May,5,political_violence,0,0
Egypt,2006,June,6,political_violence,0,0
Egypt,2006,July,7,political_violence,0,0
Egypt,2006,August,8,political_violence,0,0
Egypt,2006,September,9,political_violence,0,0
Egypt,2006,October,10,political_violence,0,0
Egypt,2006,November,11,political_violence,0,0
Egypt,2006,December,12,political_violence,0,0
Egypt,2007,January,1,political_violence,0,0
Egypt,2007,February,2,political_violence,0,0
Egypt,2007,March,3,political_violence,0,0
Egypt,2007,April,4,political_violence,0,0
Egypt,2007,May,5,political_violence,1,0
Egypt,2007,June,6,political_violence,0,0
Egypt,2007,July,7,political_violence,1,0
Egypt,2007,August,8,political_violence,0,0
Egypt,2007,September,9,political_violence,0,0
Egypt,2007,October,10,political_violence,0,0
Egypt,2007,November,11,political_violence,0,0
Egypt,2007,December,12,political_violence,0,0
Egypt,2008,January,1,political_violence,4,3
Egypt,2008,February,2,political_violence,1,1
Egypt,2008,March,3,political_violence,6,5
Egypt,2008,April,4,political_violence,1,1
Egypt,2008,May,5,political_violence,3,3
Egypt,2008,June,6,political_violence,1,1
Egypt,2008,July,7,political_violence,4,3
Egypt,2008,August,8,political_violence,3,2
Egypt,2008,September,9,political_violence,2,2
Egypt,2008,October,10,political_violence,2,2
Egypt,2008,November,11,political_violence,9,2
Egypt,2008,December,12,political_violence,2,1
Egypt,2009,January,1,political_violence,1,0
Egypt,2009,February,2,political_violence,2,0
Egypt,2009,March,3,political_violence,0,0
Egypt,2009,April,4,political_violence,3,3
Egypt,2009,May,5,political_violence,4,1
Egypt,2009,June,6,political_violence,2,2
Egypt,2009,July,7,political_violence,2,1
Egypt,2009,August,8,political_violence,0,0
Egypt,2009,September,9,political_violence,4,7
Egypt,2009,October,10,political_violence,3,1
Egypt,2009,November,11,political_violence,3,1
Egypt,2009,December,12,political_violence,2,1
Egypt,2010,January,1,political_violence,9,14
Egypt,2010,February,2,political_violence,8,6
Egypt,2010,March,3,political_violence,4,3
Egypt,2010,April,4,political_violence,4,10
Egypt,2010,May,5,political_violence,5,6
Egypt,2010,June,6,political_violence,11,7
Egypt,2010,July,7,political_violence,5,11
Egypt,2010,August,8,political_violence,2,8
Egypt,2010,September,9,political_violence,3,3
Egypt,2010,October,10,political_violence,1,1
Egypt,2010,November,11,political_violence,4,0
Egypt,2010,December,12,political_violence,0,0
Egypt,2011,January,1,political_violence,25,55
Egypt,2011,February,2,political_violence,36,28
Egypt,2011,March,3,political_violence,15,79
Egypt,2011,April,4,political_violence,11,7
Egypt,2011,May,5,political_violence,12,21
Egypt,2011,June,6,political_violence,7,9
Egypt,2011,July,7,political_violence,22,11
Egypt,2011,August,8,political_violence,19,16
Egypt,2011,September,9,political_violence,12,1
Egypt,2011,October,10,political_violence,16,80
Egypt,2011,November,11,political_violence,31,10
Egypt,2011,December,12,political_violence,21,2
Egypt,2012,January,1,political_violence,7,5
Egypt,2012,February,2,political_violence,6,0
Egypt,2012,March,3,political_violence,2,1
Egypt,2012,April,4,political_violence,3,2
Egypt,2012,May,5,political_violence,8,22
Egypt,2012,June,6,political_violence,8,16
Egypt,2012,July,7,political_violence,12,5
Egypt,2012,August,8,political_violence,20,52
Egypt,2012,September,9,political_violence,10,1
Egypt,2012,October,10,political_violence,15,22
Egypt,2012,November,11,political_violence,22,13
Egypt,2012,December,12,political_violence,13,3
Egypt,2013,January,1,political_violence,14,11
Egypt,2013,February,2,political_violence,27,11
Egypt,2013,March,3,political_violence,46,30
Egypt,2013,April,4,political_violence,19,16
Egypt,2013,May,5,political_violence,20,13
Egypt,2013,June,6,political_violence,47,34
Egypt,2013,July,7,political_violence,175,186
Egypt,2013,August,8,political_violence,138,745
Egypt,2013,September,9,political_violence,108,125
Egypt,2013,October,10,political_violence,94,80
Egypt,2013,November,11,political_violence,78,104
Egypt,2013,December,12,political_violence,56,52
Egypt,2014,January,1,political_violence,115,120
Egypt,2014,February,2,political_violence,57,198
Egypt,2014,March,3,political_violence,65,66
Egypt,2014,April,4,political_violence,63,70
Egypt,2014,May,5,political_violence,44,35
Egypt,2014,June,6,political_violence,36,57
Egypt,2014,July,7,political_violence,47,135
Egypt,2014,August,8,political_violence,63,89
Egypt,2014,September,9,political_violence,56,125
Egypt,2014,October,10,political_violence,63,132
Egypt,2014,November,11,political_violence,70,125
Egypt,2014,December,12,political_violence,49,108
Egypt,2015,January,1,political_violence,111,133
Egypt,2015,February,2,political_violence,77,211
Egypt,2015,March,3,political_violence,78,211
Egypt,2015,April,4,political_violence,78,268
Egypt,2015,May,5,political_violence,95,180
Egypt,2015,June,6,political_violence,70,137
Egypt,2015,July,7,political_violence,72,531
Egypt,2015,August,8,political_violence,49,101
Egypt,2015,September,9,political_violence,71,609
Egypt,2015,October,10,political_violence,53,301
Egypt,2015,November,11,political_violence,38,77
Egypt,2015,December,12,political_violence,38,50
Egypt,2016,January,1,political_violence,50,198
Egypt,2016,February,2,political_violence,47,102
Egypt,2016,March,3,political_violence,40,190
Egypt,2016,April,4,political_violence,28,136
Egypt,2016,May,5,political_violence,52,235
Egypt,2016,June,6,political_violence,46,105
Egypt,2016,July,7,political_violence,40,76
Egypt,2016,August,8,political_violence,28,119
Egypt,2016,September,9,political_violence,37,100
Egypt,2016,October,10,political_violence,41,260
Egypt,2016,November,11,political_violence,40,100
Egypt,2016,December,12,political_violence,22,95
Egypt,2017,January,1,political_violence,24,93
Egypt,2017,February,2,political_violence,37,64
Egypt,2017,March,3,political_violence,30,102
Egypt,2017,April,4,political_violence,61,137
Egypt,2017,May,5,political_violence,44,120
Egypt,2017,June,6,political_violence,27,45
Egypt,2017,July,7,political_violence,61,205
Egypt,2017,August,8,political_violence,25,57
Egypt,2017,September,9,political_violence,28,68
Egypt,2017,October,10,political_violence,35,152
Egypt,2017,November,11,political_violence,30,413
Egypt,2017,December,12,political_violence,33,88
Egypt,2018,January,1,political_violence,33,51
Egypt,2018,February,2,political_violence,35,137
Egypt,2018,March,3,political_violence,24,117
Egypt,2018,April,4,political_violence,18,124
Egypt,2018,May,5,political_violence,18,62
Egypt,2018,June,6,political_violence,20,80
Egypt,2018,July,7,political_violence,10,38
Egypt,2018,August,8,political_violence,22,128
Egypt,2018,September,9,political_violence,22,38
Egypt,2018,October,10,political_violence,40,93
Egypt,2018,November,11,political_violence,54,81
Egypt,2018,December,12,political_violence,90,165
Egypt,2019,January,1,political_violence,80,154
Egypt,2019,February,2,political_violence,33,72
Egypt,2019,March,3,political_violence,45,84
Egypt,2019,April,4,political_violence,29,68
Egypt,2019,May,5,political_violence,50,128
Egypt,2019,June,6,political_violence,59,88
Egypt,2019,July,7,political_violence,52,49
Egypt,2019,August,8,political_violence,41,83
Egypt,2019,September,9,political_violence,35,90
Egypt,2019,October,10,political_violence,48,105
Egypt,2019,November,11,political_violence,28,47
Egypt,2019,December,12,political_violence,37,35
Egypt,2020,January,1,political_violence,36,41
Egypt,2020,February,2,political_violence,50,64
Egypt,2020,March,3,political_violence,39,70
Egypt,2020,April,4,political_violence,41,46
Egypt,2020,May,5,political_violence,69,100
Egypt,2020,June,6,political_violence,28,39
Egypt,2020,July,7,political_violence,36,55
Egypt,2020,August,8,political_violence,62,59
Egypt,2020,September,9,political_violence,37,47
Egypt,2020,October,10,political_violence,37,37
Egypt,2020,November,11,political_violence,34,24
Egypt,2020,December,12,political_violence,46,41
Egypt,2021,January,1,political_violence,49,43
Egypt,2021,February,2,political_violence,30,36
Egypt,2021,March,3,political_violence,19,24
Egypt,2021,April,4,political_violence,24,21
Egypt,2021,May,5,political_violence,16,21
Egypt,2021,June,6,political_violence,13,9
Egypt,2021,July,7,political_violence,23,29
Egypt,2021,August,8,political_violence,22,17
Egypt,2021,September,9,political_violence,15,9
Egypt,2021,October,10,political_violence,9,11
Egypt,2021,November,11,political_violence,18,16
Egypt,2021,December,12,political_violence,28,28
Egypt,2022,January,1,political_violence,12,13
Egypt,2022,February,2,political_violence,16,13
Egypt,2022,March,3,political_violence,39,77
Egypt,2022,April,4,political_violence,31,37
Egypt,2022,May,5,political_violence,9,26
Egypt,2022,June,6,political_violence,23,26
Egypt,2022,July,7,political_violence,16,12
Egypt,2022,August,8,political_violence,27,31
Egypt,2022,September,9,political_violence,7,6
Egypt,2022,October,10,political_violence,3,6
Egypt,2022,November,11,political_violence,5,18
Egypt,2022,December,12,political_violence,6,9
Egypt,2023,January,1,political_violence,0,0
Egypt,2023,February,2,political_violence,1,1
Egypt,2023,March,3,political_violence,3,3
Egypt,2023,April,4,political_violence,1,0
Egypt,2023,May,5,political_violence,2,1
Egypt,2023,June,6,political_violence,2,7
Egypt,2023,July,7,political_violence,4,10
Egypt,2023,August,8,political_violence,3,2
Egypt,2023,September,9,political_violence,1,1
Egypt,2023,October,10,political_violence,4,3
Egypt,2023,November,11,political_violence,1,0
Egypt,2023,December,12,political_violence,1,0
Egypt,2024,January,1,political_violence,1,5
Egypt,2024,February,2,political_violence,2,2
Egypt,2024,March,3,political_violence,3,0
Egypt,2024,April,4,political_violence,5,2
Egypt,2024,May,5,political_violence,4,3
Egypt,2024,June,6,political_violence,1,0
Egypt,2024,July,7,political_violence,4,0
Egypt,2024,August,8,political_violence,1,1
Egypt,2024,September,9,political_violence,3,0
Egypt,2024,October,10,political_violence,1,1
Egypt,2024,November,11,political_violence,1,0
Egypt,2024,December,12,political_violence,4,4
Egypt,2025,January,1,political_violence,0,0
Egypt,2025,February,2,political_violence,4,8
Egypt,2025,March,3,political_violence,9,4
Egypt,2025,April,4,political_violence,3,3
Egypt,2025,May,5,political_violence,6,5
Egypt,2025,June,6,political_violence,0,0
Egypt,2025,July,7,political_violence,3,4
Egypt,2025,August,8,political_violence,7,6
Egypt,2025,September,9,political_violence,4,13
Egypt,2025,October,10,political_violence,7,8
Egypt,2025,November,11,political_violence,1,0
Egypt,2025,December,12,political_violence,4,2
Egypt,2026,January,1,political_violence,6,2
Egypt,2026,February,2,political_violence,5,2
Egypt,2026,March,3,political_violence,1,0
Egypt,2026,April,4,political_violence,0,0
Egypt,2026,May,5,political_violence,5,2
Egypt,2026,June,6,political_violence,3,0
Egypt,2026,July,7,political_violence,3,1
Egypt,2026,August,8,political_violence,5,10
Egypt,2026,September,9,political_violence,2,0
Haiti,2018,January,1,civilian_targeting,0,0
Haiti,2018,February,2,civilian_targeting,3,1
Haiti,2018,March,3,civilian_targeting,5,3
Haiti,2018,April,4,civilian_targeting,8,6
Haiti,2018,May,5,civilian_targeting,10,12
Haiti,2018,June,6,civilian_targeting,4,3
Haiti,2018,July,7,civilian_targeting,10,9
Haiti,2018,August,8,civilian_targeting,8,3
Haiti,2018,September,9,civilian_targeting,14,9
Haiti,2018,October,10,civilian_targeting,20,12
Haiti,2018,November,11,civilian_targeting,17,92
Haiti,2018,December,12,civilian_targeting,12,10
Haiti,2019,January,1,civilian_targeting,7,5
Haiti,2019,February,2,civilian_targeting,5,3
Haiti,2019,March,3,civilian_targeting,16,16
Haiti,2019,April,4,civilian_targeting,13,53
Haiti,2019,May,5,civilian_targeting,18,12
Haiti,2019,June,6,civilian_targeting,14,11
Haiti,2019,July,7,civilian_targeting,10,14
Haiti,2019,August,8,civilian_targeting,14,11
Haiti,2019,September,9,civilian_targeting,22,11
Haiti,2019,October,10,civilian_targeting,28,20
Haiti,2019,November,11,civilian_targeting,37,39
Haiti,2019,December,12,civilian_targeting,15,12
Haiti,2020,January,1,civilian_targeting,23,17
Haiti,2020,February,2,civilian_targeting,29,20
Haiti,2020,March,3,civilian_targeting,21,19
Haiti,2020,April,4,civilian_targeting,16,18
Haiti,2020,May,5,civilian_targeting,20,29
Haiti,2020,June,6,civilian_targeting,23,30
Haiti,2020,July,7,civilian_targeting,44,82
Haiti,2020,August,8,civilian_targeting,31,42
Haiti,2020,September,9,civilian_targeting,29,20
Haiti,2020,October,10,civilian_targeting,48,34
Haiti,2020,November,11,civilian_targeting,47,41
Haiti,2020,December,12,civilian_targeting,29,8
Haiti,2021,January,1,civilian_targeting,45,17
Haiti,2021,February,2,civilian_targeting,32,12
Haiti,2021,March,3,civilian_targeting,34,28
Haiti,2021,April,4,civilian_targeting,51,25
Haiti,2021,May,5,civilian_targeting,31,35
Haiti,2021,June,6,civilian_targeting,25,43
Haiti,2021,July,7,civilian_targeting,18,11
Haiti,2021,August,8,civilian_targeting,30,11
Haiti,2021,September,9,civilian_targeting,35,23
Haiti,2021,October,10,civilian_targeting,44,15
Haiti,2021,November,11,civilian_targeting,39,15
Haiti,2021,December,12,civilian_targeting,40,22
Haiti,2022,January,1,civilian_targeting,36,43
Haiti,2022,February,2,civilian_targeting,39,20
Haiti,2022,March,3,civilian_targeting,35,12
Haiti,2022,April,4,civilian_targeting,43,131
Haiti,2022,May,5,civilian_targeting,64,70
Haiti,2022,June,6,civilian_targeting,42,20
Haiti,2022,July,7,civilian_targeting,72,47
Haiti,2022,August,8,civilian_targeting,24,23
Haiti,2022,September,9,civilian_targeting,38,36
Haiti,2022,October,10,civilian_targeting,55,98
Haiti,2022,November,11,civilian_targeting,40,136
Haiti,2022,December,12,civilian_targeting,31,33
Haiti,2023,January,1,civilian_targeting,35,21
Haiti,2023,February,2,civilian_targeting,58,74
Haiti,2023,March,3,civilian_targeting,100,101
Haiti,2023,April,4,civilian_targeting,65,265
Haiti,2023,May,5,civilian_targeting,59,174
Haiti,2023,June,6,civilian_targeting,33,31
Haiti,2023,July,7,civilian_targeting,60,69
Haiti,2023,August,8,civilian_targeting,76,69
Haiti,2023,September,9,civilian_targeting,37,52
Haiti,2023,October,10,civilian_targeting,49,50
Haiti,2023,November,11,civilian_targeting,58,49
Haiti,2023,December,12,civilian_targeting,50,61
Haiti,2024,January,1,civilian_targeting,67,160
Haiti,2024,February,2,civilian_targeting,60,66
Haiti,2024,March,3,civilian_targeting,72,95
Haiti,2024,April,4,civilian_targeting,50,63
Haiti,2024,May,5,civilian_targeting,59,53
Haiti,2024,June,6,civilian_targeting,28,51
Haiti,2024,July,7,civilian_targeting,42,39
Haiti,2024,August,8,civilian_targeting,34,58
Haiti,2024,September,9,civilian_targeting,34,42
Haiti,2024,October,10,civilian_targeting,59,208
Haiti,2024,November,11,civilian_targeting,108,183
Haiti,2024,December,12,civilian_targeting,79,579
Haiti,2025,January,1,civilian_targeting,104,287
Haiti,2025,February,2,civilian_targeting,131,188
Haiti,2025,March,3,civilian_targeting,129,326
Haiti,2025,April,4,civilian_targeting,59,151
Haiti,2025,May,5,civilian_targeting,56,133
Haiti,2025,June,6,civilian_targeting,51,79
Haiti,2025,July,7,civilian_targeting,59,79
Haiti,2025,August,8,civilian_targeting,38,52
Haiti,2025,September,9,civilian_targeting,30,91
Haiti,2025,October,10,civilian_targeting,62,70
Haiti,2025,November,11,civilian_targeting,69,84
Haiti,2025,December,12,civilian_targeting,53,151
Haiti,2026,January,1,civilian_targeting,54,80
Haiti,2026,February,2,civilian_targeting,44,37
Haiti,2026,March,3,civilian_targeting,60,145
Haiti,2026,April,4,civilian_targeting,50,57
Haiti,2026,May,5,civilian_targeting,55,95
Haiti,2026,June,6,civilian_targeting,39,40
Haiti,2026,July,7,civilian_targeting,44,64
Haiti,2026,August,8,civilian_targeting,29,64
Haiti,2026,September,9,civilian_targeting,3,1
Haiti,2018,January,1,demonstrations,13,
Haiti,2018,February,2,demonstrations,22,
Haiti,2018,March,3,demonstrations,17,
Haiti,2018,April,4,demonstrations,23,
Haiti,2018,May,5,demonstrations,23,
Haiti,2018,June,6,demonstrations,13,
Haiti,2018,July,7,demonstrations,56,
Haiti,2018,August,8,demonstrations,26,
Haiti,2018,September,9,demonstrations,36,
Haiti,2018,October,10,demonstrations,38,
Haiti,2018,November,11,demonstrations,52,
Haiti,2018,December,12,demonstrations,13,
Haiti,2019,January,1,demonstrations,19,
Haiti,2019,February,2,demonstrations,126,
Haiti,2019,March,3,demonstrations,14,
Haiti,2019,April,4,demonstrations,12,
Haiti,2019,May,5,demonstrations,36,
Haiti,2019,June,6,demonstrations,68,
Haiti,2019,July,7,demonstrations,22,
Haiti,2019,August,8,demonstrations,23,
Haiti,2019,September,9,demonstrations,173,
Haiti,2019,October,10,demonstrations,187,
Haiti,2019,November,11,demonstrations,80,
Haiti,2019,December,12,demonstrations,27,
Haiti,2020,January,1,demonstrations,12,
Haiti,2020,February,2,demonstrations,35,
Haiti,2020,March,3,demonstrations,17,
Haiti,2020,April,4,demonstrations,20,
Haiti,2020,May,5,demonstrations,24,
Haiti,2020,June,6,demonstrations,17,
Haiti,2020,July,7,demonstrations,60,
Haiti,2020,August,8,demonstrations,35,
Haiti,2020,September,9,demonstrations,75,
Haiti,2020,October,10,demonstrations,40,
Haiti,2020,November,11,demonstrations,62,
Haiti,2020,December,12,demonstrations,26,
Haiti,2021,January,1,demonstrations,76,
Haiti,2021,February,2,demonstrations,85,
Haiti,2021,March,3,demonstrations,61,
Haiti,2021,April,4,demonstrations,41,
Haiti,2021,May,5,demonstrations,27,
Haiti,2021,June,6,demonstrations,14,
Haiti,2021,July,7,demonstrations,20,
Haiti,2021,August,8,demonstrations,14,
Haiti,2021,September,9,demonstrations,26,
Haiti,2021,October,10,demonstrations,80,
Haiti,2021,November,11,demonstrations,11,
Haiti,2021,December,12,demonstrations,47,
Haiti,2022,January,1,demonstrations,12,
Haiti,2022,February,2,demonstrations,24,
Haiti,2022,March,3,demonstrations,32,
Haiti,2022,April,4,demonstrations,14,
Haiti,2022,May,5,demonstrations,23,
Haiti,2022,June,6,demonstrations,21,
Haiti,2022,July,7,demonstrations,21,
Haiti,2022,August,8,demonstrations,62,
Haiti,2022,September,9,demonstrations,175,
Haiti,2022,October,10,demonstrations,62,
Haiti,2022,November,11,demonstrations,18,
Haiti,2022,December,12,demonstrations,5,
Haiti,2023,January,1,demonstrations,39,
Haiti,2023,February,2,demonstrations,18,
Haiti,2023,March,3,demonstrations,17,
Haiti,2023,April,4,demonstrations,30,
Haiti,2023,May,5,demonstrations,24,
Haiti,2023,June,6,demonstrations,10,
Haiti,2023,July,7,demonstrations,26,
Haiti,2023,August,8,demonstrations,27,
Haiti,2023,September,9,demonstrations,29,
Haiti,2023,October,10,demonstrations,21,
Haiti,2023,November,11,demonstrations,17,
Haiti,2023,December,12,demonstrations,22,
Haiti,2024,January,1,demonstrations,119,
Haiti,2024,February,2,demonstrations,117,
Haiti,2024,March,3,demonstrations,31,
Haiti,2024,April,4,demonstrations,11,
Haiti,2024,May,5,demonstrations,13,
Haiti,2024,June,6,demonstrations,13,
Haiti,2024,July,7,demonstrations,8,
Haiti,2024,August,8,demonstrations,20,
Haiti,2024,September,9,demonstrations,18,
Haiti,2024,October,10,demonstrations,24,
Haiti,2024,November,11,demonstrations,6,
Haiti,2024,December,12,demonstrations,6,
Haiti,2025,January,1,demonstrations,36,
Haiti,2025,February,2,demonstrations,35,
Haiti,2025,March,3,demonstrations,26,
Haiti,2025,April,4,demonstrations,21,
Haiti,2025,May,5,demonstrations,14,
Haiti,2025,June,6,demonstrations,30,
Haiti,2025,July,7,demonstrations,22,
Haiti,2025,August,8,demonstrations,18,
Haiti,2025,September,9,demonstrations,31,
Haiti,2025,October,10,demonstrations,32,
Haiti,2025,November,11,demonstrations,20,
Haiti,2025,December,12,demonstrations,18,
Haiti,2026,January,1,demonstrations,22,
Haiti,2026,February,2,demonstrations,9,
Haiti,2026,March,3,demonstrations,23,
Haiti,2026,April,4,demonstrations,64,
Haiti,2026,May,5,demonstrations,25,
Haiti,2026,June,6,demonstrations,20,
Haiti,2026,July,7,demonstrations,20,
Haiti,2026,August,8,demonstrations,23,
Haiti,2026,September,9,demonstrations,6,
Haiti,2018,January,1,political_violence,2,0
Haiti,2018,February,2,political_violence,5,3
Haiti,2018,March,3,political_violence,7,3
Haiti,2018,April,4,political_violence,16,20
Haiti,2018,May,5,political_violence,17,25
Haiti,2018,June,6,political_violence,7,5
Haiti,2018,July,7,political_violence,14,11
Haiti,2018,August,8,political_violence,15,7
Haiti,2018,September,9,political_violence,27,20
Haiti,2018,October,10,political_violence,29,25
Haiti,2018,November,11,political_violence,30,108
Haiti,2018,December,12,political_violence,23,26
Haiti,2019,January,1,political_violence,16,13
Haiti,2019,February,2,political_violence,33,12
Haiti,2019,March,3,political_violence,26,25
Haiti,2019,April,4,political_violence,24,74
Haiti,2019,May,5,political_violence,26,19
Haiti,2019,June,6,political_violence,25,28
Haiti,2019,July,7,political_violence,21,44
Haiti,2019,August,8,political_violence,31,34
Haiti,2019,September,9,political_violence,27,16
Haiti,2019,October,10,political_violence,41,43
Haiti,2019,November,11,political_violence,55,62
Haiti,2019,December,12,political_violence,25,27
Haiti,2020,January,1,political_violence,46,42
Haiti,2020,February,2,political_violence,41,42
Haiti,2020,March,3,political_violence,45,59
Haiti,2020,April,4,political_violence,34,48
Haiti,2020,May,5,political_violence,40,98
Haiti,2020,June,6,political_violence,32,43
Haiti,2020,July,7,political_violence,56,107
Haiti,2020,August,8,political_violence,44,93
Haiti,2020,September,9,political_violence,41,35
Haiti,2020,October,10,political_violence,68,59
Haiti,2020,November,11,political_violence,60,56
Haiti,2020,December,12,political_violence,53,27
Haiti,2021,January,1,political_violence,68,39
Haiti,2021,February,2,political_violence,58,69
Haiti,2021,March,3,political_violence,50,70
Haiti,2021,April,4,political_violence,66,46
Haiti,2021,May,5,political_violence,48,103
Haiti,2021,June,6,political_violence,62,204
Haiti,2021,July,7,political_violence,31,48
Haiti,2021,August,8,political_violence,48,41
Haiti,2021,September,9,political_violence,53,53
Haiti,2021,October,10,political_violence,65,46
Haiti,2021,November,11,political_violence,66,43
Haiti,2021,December,12,political_violence,53,54
Haiti,2022,January,1,political_violence,56,77
Haiti,2022,February,2,political_violence,59,67
Haiti,2022,March,3,political_violence,55,46
Haiti,2022,April,4,political_violence,104,222
Haiti,2022,May,5,political_violence,116,134
Haiti,2022,June,6,political_violence,69,47
Haiti,2022,July,7,political_violence,128,400
Haiti,2022,August,8,political_violence,54,69
Haiti,2022,September,9,political_violence,64,70
Haiti,2022,October,10,political_violence,99,241
Haiti,2022,November,11,political_violence,63,182
Haiti,2022,December,12,political_violence,48,57
Haiti,2023,January,1,political_violence,58,84
Haiti,2023,February,2,political_violence,89,166
Haiti,2023,March,3,political_violence,147,216
Haiti,2023,April,4,political_violence,165,601
Haiti,2023,May,5,political_violence,147,325
Haiti,2023,June,6,political_violence,56,56
Haiti,2023,July,7,political_violence,89,112
Haiti,2023,August,8,political_violence,125,207
Haiti,2023,September,9,political_violence,84,173
Haiti,2023,October,10,political_violence,77,107
Haiti,2023,November,11,political_violence,106,321
Haiti,2023,December,12,political_violence,89,120
Haiti,2024,January,1,political_violence,141,382
Haiti,2024,February,2,political_violence,119,322
Haiti,2024,March,3,political_violence,159,230
Haiti,2024,April,4,political_violence,101,177
Haiti,2024,May,5,political_violence,109,124
Haiti,2024,June,6,political_violence,62,112
Haiti,2024,July,7,political_violence,84,179
Haiti,2024,August,8,political_violence,86,205
Haiti,2024,September,9,political_violence,89,151
Haiti,2024,October,10,political_violence,116,355
Haiti,2024,November,11,political_violence,187,435
Haiti,2024,December,12,political_violence,189,884
Haiti,2025,January,1,political_violence,217,633
Haiti,2025,February,2,political_violence,249,592
Haiti,2025,March,3,political_violence,238,671
Haiti,2025,April,4,political_violence,129,454
Haiti,2025,May,5,political_violence,124,432
Haiti,2025,June,6,political_violence,128,444
Haiti,2025,July,7,political_violence,134,268
Haiti,2025,August,8,political_violence,110,232
Haiti,2025,September,9,political_violence,78,217
Haiti,2025,October,10,political_violence,133,235
Haiti,2025,November,11,political_violence,156,321
Haiti,2025,December,12,political_violence,103,325
Haiti,2026,January,1,political_violence,124,344
Haiti,2026,February,2,political_violence,94,242
Haiti,2026,March,3,political_violence,121,369
Haiti,2026,April,4,political_violence,114,245
Haiti,2026,May,5,political_violence,133,392
Haiti,2026,June,6,political_violence,112,271
Haiti,2026,July,7,political_violence,100,227
Haiti,2026,August,8,political_violence,62,103
Haiti,2026,September,9,political_violence,7,8
Israel,2016,January,1,civilian_targeting,1,2
Israel,2016,February,2,civilian_targeting,2,0
Israel,2016,March,3,civilian_targeting,3,3
Israel,2016,April,4,civilian_targeting,3,1
Israel,2016,May,5,civilian_targeting,5,0
Israel,2016,June,6,civilian_targeting,2,4
Israel,2016,July,7,civilian_targeting,0,0
Israel,2016,August,8,civilian_targeting,1,0
Israel,2016,September,9,civilian_targeting,0,0
Israel,2016,October,10,civilian_targeting,2,3
Israel,2016,November,11,civilian_targeting,0,0
Israel,2016,December,12,civilian_targeting,0,0
Israel,2017,January,1,civilian_targeting,5,3
Israel,2017,February,2,civilian_targeting,3,0
Israel,2017,March,3,civilian_targeting,2,0
Israel,2017,April,4,civilian_targeting,1,0
Israel,2017,May,5,civilian_targeting,3,0
Israel,2017,June,6,civilian_targeting,2,1
Israel,2017,July,7,civilian_targeting,1,0
Israel,2017,August,8,civilian_targeting,2,0
Israel,2017,September,9,civilian_targeting,2,0
Israel,2017,October,10,civilian_targeting,1,1
Israel,2017,November,11,civilian_targeting,1,0
Israel,2017,December,12,civilian_targeting,5,0
Israel,2018,January,1,civilian_targeting,0,0
Israel,2018,February,2,civilian_targeting,1,0
Israel,2018,March,3,civilian_targeting,0,0
Israel,2018,April,4,civilian_targeting,4,1
Israel,2018,May,5,civilian_targeting,5,0
Israel,2018,June,6,civilian_targeting,1,0
Israel,2018,July,7,civilian_targeting,3,0
Israel,2018,August,8,civilian_targeting,5,0
Israel,2018,September,9,civilian_targeting,5,0
Israel,2018,October,10,civilian_targeting,3,0
Israel,2018,November,11,civilian_targeting,6,2
Israel,2018,December,12,civilian_targeting,4,1
Israel,2019,January,1,civilian_targeting,5,2
Israel,2019,February,2,civilian_targeting,1,1
Israel,2019,March,3,civilian_targeting,5,0
Israel,2019,April,4,civilian_targeting,0,0
Israel,2019,May,5,civilian_targeting,10,5
Israel,2019,June,6,civilian_targeting,4,0
Israel,2019,July,7,civilian_targeting,6,2
Israel,2019,August,8,civilian_targeting,3,0
Israel,2019,September,9,civilian_targeting,1,0
Israel,2019,October,10,civilian_targeting,7,0
Israel,2019,November,11,civilian_targeting,3,0
Israel,2019,December,12,civilian_targeting,4,0
Israel,2020,January,1,civilian_targeting,2,0
Israel,2020,February,2,civilian_targeting,2,0
Israel,2020,March,3,civilian_targeting,2,0
Israel,2020,April,4,civilian_targeting,7,0
Israel,2020,May,5,civilian_targeting,3,0
Israel,2020,June,6,civilian_targeting,2,0
Israel,2020,July,7,civilian_targeting,4,0
Israel,2020,August,8,civilian_targeting,4,1
Israel,2020,September,9,civilian_targeting,1,0
Israel,2020,October,10,civilian_targeting,11,0
Israel,2020,November,11,civilian_targeting,3,0
Israel,2020,December,12,civilian_targeting,3,0
Israel,2021,January,1,civilian_targeting,4,1
Israel,2021,February,2,civilian_targeting,4,2
Israel,2021,March,3,civilian_targeting,6,1
Israel,2021,April,4,civilian_targeting,11,0
Israel,2021,May,5,civilian_targeting,75,12
Israel,2021,June,6,civilian_targeting,15,0
Israel,2021,July,7,civilian_targeting,7,1
Israel,2021,August,8,civilian_targeting,5,0
Israel,2021,September,9,civilian_targeting,4,0
Israel,2021,October,10,civilian_targeting,4,0
Israel,2021,November,11,civilian_targeting,8,0
Israel,2021,December,12,civilian_targeting,7,0
Israel,2022,January,1,civilian_targeting,16,0
Israel,2022,February,2,civilian_targeting,5,0
Israel,2022,March,3,civilian_targeting,14,16
Israel,2022,April,4,civilian_targeting,12,3
Israel,2022,May,5,civilian_targeting,8,3
Israel,2022,June,6,civilian_targeting,6,1
Israel,2022,July,7,civilian_targeting,4,0
Israel,2022,August,8,civilian_targeting,7,0
Israel,2022,September,9,civilian_targeting,7,2
Israel,2022,October,10,civilian_targeting,5,0
Israel,2022,November,11,civilian_targeting,9,2
Israel,2022,December,12,civilian_targeting,3,1
Israel,2023,January,1,civilian_targeting,3,0
Israel,2023,February,2,civilian_targeting,2,0
Israel,2023,March,3,civilian_targeting,7,2
Israel,2023,April,4,civilian_targeting,12,4
Israel,2023,May,5,civilian_targeting,26,3
Israel,2023,June,6,civilian_targeting,6,0
Israel,2023,July,7,civilian_targeting,4,1
Israel,2023,August,8,civilian_targeting,7,1
Israel,2023,September,9,civilian_targeting,4,0
Israel,2023,October,10,civilian_targeting,128,907
Israel,2023,November,11,civilian_targeting,13,9
Israel,2023,December,12,civilian_targeting,9,1
Israel,2024,January,1,civilian_targeting,6,3
Israel,2024,February,2,civilian_targeting,6,3
Israel,2024,March,3,civilian_targeting,6,4
Israel,2024,April,4,civilian_targeting,10,2
Israel,2024,May,5,civilian_targeting,15,0
Israel,2024,June,6,civilian_targeting,6,0
Israel,2024,July,7,civilian_targeting,11,4
Israel,2024,August,8,civilian_targeting,13,5
Israel,2024,September,9,civilian_targeting,18,0
Israel,2024,October,10,civilian_targeting,46,29
Israel,2024,November,11,civilian_targeting,26,5
Israel,2024,December,12,civilian_targeting,4,1
Israel,2025,January,1,civilian_targeting,2,3
Israel,2025,February,2,civilian_targeting,2,2
Israel,2025,March,3,civilian_targeting,4,7
Israel,2025,April,4,civilian_targeting,1,0
Israel,2025,May,5,civilian_targeting,3,1
Israel,2025,June,6,civilian_targeting,33,32
Israel,2025,July,7,civilian_targeting,2,0
Israel,2025,August,8,civilian_targeting,0,0
Israel,2025,September,9,civilian_targeting,3,0
Israel,2025,October,10,civilian_targeting,2,1
Israel,2025,November,11,civilian_targeting,7,0
Israel,2025,December,12,civilian_targeting,6,2
Israel,2026,January,1,civilian_targeting,3,1
Israel,2026,February,2,civilian_targeting,9,2
Israel,2026,March,3,civilian_targeting,88,18
Israel,2026,April,4,civilian_targeting,28,6
Israel,2026,May,5,civilian_targeting,6,0
Israel,2026,June,6,civilian_targeting,3,1
Israel,2026,July,7,civilian_targeting,5,0
Israel,2026,August,8,civilian_targeting,2,0
Israel,2026,September,9,civilian_targeting,0,0
Israel,2016,January,1,demonstrations,11,
Israel,2016,February,2,demonstrations,18,
Israel,2016,March,3,demonstrations,10,
Israel,2016,April,4,demonstrations,8,
Israel,2016,May,5,demonstrations,8,
Israel,2016,June,6,demonstrations,4,
Israel,2016,July,7,demonstrations,5,
Israel,2016,August,8,demonstrations,14,
Israel,2016,September,9,demonstrations,20,
Israel,2016,October,10,demonstrations,10,
Israel,2016,November,11,demonstrations,7,
Israel,2016,December,12,demonstrations,25,
Israel,2017,January,1,demonstrations,63,
Israel,2017,February,2,demonstrations,32,
Israel,2017,March,3,demonstrations,33,
Israel,2017,April,4,demonstrations,20,
Israel,2017,May,5,demonstrations,23,
Israel,2017,June,6,demonstrations,17,
Israel,2017,July,7,demonstrations,26,
Israel,2017,August,8,demonstrations,21,
Israel,2017,September,9,demonstrations,18,
Israel,2017,October,10,demonstrations,25,
Israel,2017,November,11,demonstrations,19,
Israel,2017,December,12,demonstrations,47,
Israel,2018,January,1,demonstrations,30,
Israel,2018,February,2,demonstrations,21,
Israel,2018,March,3,demonstrations,28,
Israel,2018,April,4,demonstrations,48,
Israel,2018,May,5,demonstrations,51,
Israel,2018,June,6,demonstrations,17,
Israel,2018,July,7,demonstrations,33,
Israel,2018,August,8,demonstrations,32,
Israel,2018,September,9,demonstrations,10,
Israel,2018,October,10,demonstrations,29,
Israel,2018,November,11,demonstrations,49,
Israel,2018,December,12,demonstrations,85,
Israel,2019,January,1,demonstrations,29,
Israel,2019,February,2,demonstrations,27,
Israel,2019,March,3,demonstrations,29,
Israel,2019,April,4,demonstrations,17,
Israel,2019,May,5,demonstrations,25,
Israel,2019,June,6,demonstrations,25,
Israel,2019,July,7,demonstrations,82,
Israel,2019,August,8,demonstrations,24,
Israel,2019,September,9,demonstrations,51,
Israel,2019,October,10,demonstrations,99,
Israel,2019,November,11,demonstrations,41,
Israel,2019,December,12,demonstrations,19,
Israel,2020,January,1,demonstrations,27,
Israel,2020,February,2,demonstrations,21,
Israel,2020,March,3,demonstrations,20,
Israel,2020,April,4,demonstrations,38,
Israel,2020,May,5,demonstrations,56,
Israel,2020,June,6,demonstrations,66,
Israel,2020,July,7,demonstrations,231,
Israel,2020,August,8,demonstrations,151,
Israel,2020,September,9,demonstrations,120,
Israel,2020,October,10,demonstrations,281,
Israel,2020,November,11,demonstrations,196,
Israel,2020,December,12,demonstrations,132,
Israel,2021,January,1,demonstrations,147,
Israel,2021,February,2,demonstrations,131,
Israel,2021,March,3,demonstrations,96,
Israel,2021,April,4,demonstrations,94,
Israel,2021,May,5,demonstrations,156,
Israel,2021,June,6,demonstrations,160,
Israel,2021,July,7,demonstrations,49,
Israel,2021,August,8,demonstrations,51,
Israel,2021,September,9,demonstrations,72,
Israel,2021,October,10,demonstrations,80,
Israel,2021,November,11,demonstrations,77,
Israel,2021,December,12,demonstrations,41,
Israel,2022,January,1,demonstrations,108,
Israel,2022,February,2,demonstrations,55,
Israel,2022,March,3,demonstrations,46,
Israel,2022,April,4,demonstrations,43,
Israel,2022,May,5,demonstrations,66,
Israel,2022,June,6,demonstrations,56,
Israel,2022,July,7,demonstrations,47,
Israel,2022,August,8,demonstrations,64,
Israel,2022,September,9,demonstrations,116,
Israel,2022,October,10,demonstrations,121,
Israel,2022,November,11,demonstrations,47,
Israel,2022,December,12,demonstrations,52,
Israel,2023,January,1,demonstrations,120,
Israel,2023,February,2,demonstrations,245,
Israel,2023,March,3,demonstrations,480,
Israel,2023,April,4,demonstrations,258,
Israel,2023,May,5,demonstrations,230,
Israel,2023,June,6,demonstrations,262,
Israel,2023,July,7,demonstrations,462,
Israel,2023,August,8,demonstrations,178,
Israel,2023,September,9,demonstrations,164,
Israel,2023,October,10,demonstrations,30,
Israel,2023,November,11,demonstrations,56,
Israel,2023,December,12,demonstrations,44,
Israel,2024,January,1,demonstrations,88,
Israel,2024,February,2,demonstrations,151,
Israel,2024,March,3,demonstrations,150,
Israel,2024,April,4,demonstrations,108,
Israel,2024,May,5,demonstrations,171,
Israel,2024,June,6,demonstrations,165,
Israel,2024,July,7,demonstrations,179,
Israel,2024,August,8,demonstrations,125,
Israel,2024,September,9,demonstrations,226,
Israel,2024,October,10,demonstrations,50,
Israel,2024,November,11,demonstrations,108,
Israel,2024,December,12,demonstrations,100,
Israel,2025,January,1,demonstrations,128,
Israel,2025,February,2,demonstrations,81,
Israel,2025,March,3,demonstrations,127,
Israel,2025,April,4,demonstrations,70,
Israel,2025,May,5,demonstrations,157,
Israel,2025,June,6,demonstrations,119,
Israel,2025,July,7,demonstrations,183,
Israel,2025,August,8,demonstrations,327,
Israel,2025,September,9,demonstrations,188,
Israel,2025,October,10,demonstrations,120,
Israel,2025,November,11,demonstrations,101,
Israel,2025,December,12,demonstrations,91,
Israel,2026,January,1,demonstrations,148,
Israel,2026,February,2,demonstrations,108,
Israel,2026,March,3,demonstrations,20,
Israel,2026,April,4,demonstrations,89,
Israel,2026,May,5,demonstrations,94,
Israel,2026,June,6,demonstrations,141,
Israel,2026,July,7,demonstrations,133,
Israel,2026,August,8,demonstrations,107,
Israel,2026,September,9,demonstrations,24,
Israel,2016,January,1,political_violence,5,3
Israel,2016,February,2,political_violence,4,1
Israel,2016,March,3,political_violence,6,3
Israel,2016,April,4,political_violence,4,1
Israel,2016,May,5,political_violence,8,0
Israel,2016,June,6,political_violence,4,5
Israel,2016,July,7,political_violence,3,0
Israel,2016,August,8,political_violence,3,0
Israel,2016,September,9,political_violence,3,0
Israel,2016,October,10,political_violence,6,3
Israel,2016,November,11,political_violence,0,0
Israel,2016,December,12,political_violence,1,0
Israel,2017,January,1,political_violence,8,3
Israel,2017,February,2,political_violence,7,0
Israel,2017,March,3,political_violence,7,0
Israel,2017,April,4,political_violence,2,0
Israel,2017,May,5,political_violence,8,1
Israel,2017,June,6,political_violence,10,2
Israel,2017,July,7,political_violence,3,0
Israel,2017,August,8,political_violence,5,0
Israel,2017,September,9,political_violence,4,0
Israel,2017,October,10,political_violence,2,1
Israel,2017,November,11,political_violence,4,1
Israel,2017,December,12,political_violence,13,0
Israel,2018,January,1,political_violence,9,0
Israel,2018,February,2,political_violence,5,0
Israel,2018,March,3,political_violence,1,0
Israel,2018,April,4,political_violence,10,3
Israel,2018,May,5,political_violence,36,0
Israel,2018,June,6,political_violence,48,0
Israel,2018,July,7,political_violence,71,1
Israel,2018,August,8,political_violence,31,0
Israel,2018,September,9,political_violence,37,0
Israel,2018,October,10,political_violence,33,0
Israel,2018,November,11,political_violence,15,2
Israel,2018,December,12,political_violence,7,1
Israel,2019,January,1,political_violence,14,2
Israel,2019,February,2,political_violence,11,1
Israel,2019,March,3,political_violence,38,0
Israel,2019,April,4,political_violence,10,0
Israel,2019,May,5,political_violence,51,5
Israel,2019,June,6,political_violence,39,1
Israel,2019,July,7,political_violence,17,2
Israel,2019,August,8,political_violence,18,0
Israel,2019,September,9,political_violence,12,0
Israel,2019,October,10,political_violence,13,0
Israel,2019,November,11,political_violence,20,0
Israel,2019,December,12,political_violence,7,0
Israel,2020,January,1,political_violence,20,0
Israel,2020,February,2,political_violence,53,0
Israel,2020,March,3,political_violence,7,0
Israel,2020,April,4,political_violence,17,0
Israel,2020,May,5,political_violence,7,0
Israel,2020,June,6,political_violence,7,0
Israel,2020,July,7,political_violence,4,0
Israel,2020,August,8,political_violence,77,1
Israel,2020,September,9,political_violence,4,0
Israel,2020,October,10,political_violence,25,0
Israel,2020,November,11,political_violence,11,0
Israel,2020,December,12,political_violence,4,0
Israel,2021,January,1,political_violence,29,1
Israel,2021,February,2,political_violence,7,2
Israel,2021,March,3,political_violence,9,1
Israel,2021,April,4,political_violence,30,0
Israel,2021,May,5,political_violence,213,17
Israel,2021,June,6,political_violence,26,0
Israel,2021,July,7,political_violence,16,1
Israel,2021,August,8,political_violence,16,0
Israel,2021,September,9,political_violence,9,1
Israel,2021,October,10,political_violence,5,0
Israel,2021,November,11,political_violence,12,0
Israel,2021,December,12,political_violence,12,1
Israel,2022,January,1,political_violence,25,0
Israel,2022,February,2,political_violence,5,0
Israel,2022,March,3,political_violence,19,17
Israel,2022,April,4,political_violence,19,4
Israel,2022,May,5,political_violence,8,3
Israel,2022,June,6,political_violence,6,1
Israel,2022,July,7,political_violence,7,0
Israel,2022,August,8,political_violence,22,0
Israel,2022,September,9,political_violence,9,2
Israel,2022,October,10,political_violence,7,0
Israel,2022,November,11,political_violence,12,2
Israel,2022,December,12,political_violence,7,2
Israel,2023,January,1,political_violence,5,0
Israel,2023,February,2,political_violence,6,0
Israel,2023,March,3,political_violence,13,3
Israel,2023,April,4,political_violence,20,4
Israel,2023,May,5,political_violence,52,3
Israel,2023,June,6,political_violence,7,4
Israel,2023,July,7,political_violence,7,1
Israel,2023,August,8,political_violence,10,3
Israel,2023,September,9,political_violence,12,1
Israel,2023,October,10,political_violence,541,1797
Israel,2023,November,11,political_violence,250,12
Israel,2023,December,12,political_violence,272,4
Israel,2024,January,1,political_violence,210,4
Israel,2024,February,2,political_violence,166,5
Israel,2024,March,3,political_violence,212,7
Israel,2024,April,4,political_violence,180,4
Israel,2024,May,5,political_violence,272,9
Israel,2024,June,6,political_violence,240,3
Israel,2024,July,7,political_violence,256,9
Israel,2024,August,8,political_violence,297,8
Israel,2024,September,9,political_violence,365,4
Israel,2024,October,10,political_violence,623,38
Israel,2024,November,11,political_violence,422,6
Israel,2024,December,12,political_violence,17,1
Israel,2025,January,1,political_violence,10,3
Israel,2025,February,2,political_violence,3,2
Israel,2025,March,3,political_violence,9,7
Israel,2025,April,4,political_violence,5,0
Israel,2025,May,5,political_violence,8,1
Israel,2025,June,6,political_violence,96,32
Israel,2025,July,7,political_violence,5,0
Israel,2025,August,8,political_violence,5,0
Israel,2025,September,9,political_violence,7,0
Israel,2025,October,10,political_violence,5,2
Israel,2025,November,11,political_violence,8,0
Israel,2025,December,12,political_violence,8,3
Israel,2026,January,1,political_violence,6,2
Israel,2026,February,2,political_violence,21,2
Israel,2026,March,3,political_violence,669,18
Israel,2026,April,4,political_violence,409,6
Israel,2026,May,5,political_violence,77,3
Israel,2026,June,6,political_violence,30,3
Israel,2026,July,7,political_violence,9,1
Israel,2026,August,8,political_violence,4,0
Israel,2026,September,9,political_violence,1,1
Lebanon,2016,January,1,civilian_targeting,9,1
Lebanon,2016,February,2,civilian_targeting,7,1
Lebanon,2016,March,3,civilian_targeting,7,1
Lebanon,2016,April,4,civilian_targeting,8,1
Lebanon,2016,May,5,civilian_targeting,11,0
Lebanon,2016,June,6,civilian_targeting,12,23
Lebanon,2016,July,7,civilian_targeting,11,2
Lebanon,2016,August,8,civilian_targeting,9,1
Lebanon,2016,September,9,civilian_targeting,14,3
Lebanon,2016,October,10,civilian_targeting,2,1
Lebanon,2016,November,11,civilian_targeting,5,0
Lebanon,2016,December,12,civilian_targeting,5,1
Lebanon,2017,January,1,civilian_targeting,7,2
Lebanon,2017,February,2,civilian_targeting,4,2
Lebanon,2017,March,3,civilian_targeting,6,1
Lebanon,2017,April,4,civilian_targeting,3,2
Lebanon,2017,May,5,civilian_targeting,6,3
Lebanon,2017,June,6,civilian_targeting,8,7
Lebanon,2017,July,7,civilian_targeting,4,4
Lebanon,2017,August,8,civilian_targeting,4,2
Lebanon,2017,September,9,civilian_targeting,6,1
Lebanon,2017,October,10,civilian_targeting,3,0
Lebanon,2017,November,11,civilian_targeting,4,1
Lebanon,2017,December,12,civilian_targeting,3,0
Lebanon,2018,January,1,civilian_targeting,0,0
Lebanon,2018,February,2,civilian_targeting,3,0
Lebanon,2018,March,3,civilian_targeting,4,3
Lebanon,2018,April,4,civilian_targeting,5,0
Lebanon,2018,May,5,civilian_targeting,4,2
Lebanon,2018,June,6,civilian_targeting,4,1
Lebanon,2018,July,7,civilian_targeting,4,1
Lebanon,2018,August,8,civilian_targeting,0,0
Lebanon,2018,September,9,civilian_targeting,1,1
Lebanon,2018,October,10,civilian_targeting,3,1
Lebanon,2018,November,11,civilian_targeting,0,0
Lebanon,2018,December,12,civilian_targeting,2,0
Lebanon,2019,January,1,civilian_targeting,2,0
Lebanon,2019,February,2,civilian_targeting,3,0
Lebanon,2019,March,3,civilian_targeting,1,0
Lebanon,2019,April,4,civilian_targeting,4,1
Lebanon,2019,May,5,civilian_targeting,5,1
Lebanon,2019,June,6,civilian_targeting,7,1
Lebanon,2019,July,7,civilian_targeting,3,0
Lebanon,2019,August,8,civilian_targeting,3,1
Lebanon,2019,September,9,civilian_targeting,1,1
Lebanon,2019,October,10,civilian_targeting,4,0
Lebanon,2019,November,11,civilian_targeting,7,0
Lebanon,2019,December,12,civilian_targeting,5,0
Lebanon,2020,January,1,civilian_targeting,11,0
Lebanon,2020,February,2,civilian_targeting,6,0
Lebanon,2020,March,3,civilian_targeting,3,1
Lebanon,2020,April,4,civilian_targeting,6,0
Lebanon,2020,May,5,civilian_targeting,10,0
Lebanon,2020,June,6,civilian_targeting,7,0
Lebanon,2020,July,7,civilian_targeting,3,0
Lebanon,2020,August,8,civilian_targeting,4,0
Lebanon,2020,September,9,civilian_targeting,7,1
Lebanon,2020,October,10,civilian_targeting,5,0
Lebanon,2020,November,11,civilian_targeting,8,1
Lebanon,2020,December,12,civilian_targeting,5,2
Lebanon,2021,January,1,civilian_targeting,4,0
Lebanon,2021,February,2,civilian_targeting,8,2
Lebanon,2021,March,3,civilian_targeting,5,0
Lebanon,2021,April,4,civilian_targeting,6,3
Lebanon,2021,May,5,civilian_targeting,11,0
Lebanon,2021,June,6,civilian_targeting,7,1
Lebanon,2021,July,7,civilian_targeting,9,1
Lebanon,2021,August,8,civilian_targeting,9,0
Lebanon,2021,September,9,civilian_targeting,2,0
Lebanon,2021,October,10,civilian_targeting,3,0
Lebanon,2021,November,11,civilian_targeting,2,0
Lebanon,2021,December,12,civilian_targeting,0,0
Lebanon,2022,January,1,civilian_targeting,1,0
Lebanon,2022,February,2,civilian_targeting,0,0
Lebanon,2022,March,3,civilian_targeting,1,0
Lebanon,2022,April,4,civilian_targeting,6,0
Lebanon,2022,May,5,civilian_targeting,16,0
Lebanon,2022,June,6,civilian_targeting,5,0
Lebanon,2022,July,7,civilian_targeting,3,0
Lebanon,2022,August,8,civilian_targeting,5,1
Lebanon,2022,September,9,civilian_targeting,6,1
Lebanon,2022,October,10,civilian_targeting,5,1
Lebanon,2022,November,11,civilian_targeting,2,0
Lebanon,2022,December,12,civilian_targeting,0,0
Lebanon,2023,January,1,civilian_targeting,2,1
Lebanon,2023,February,2,civilian_targeting,2,1
Lebanon,2023,March,3,civilian_targeting,3,0
Lebanon,2023,April,4,civilian_targeting,8,6
Lebanon,2023,May,5,civilian_targeting,2,0
Lebanon,2023,June,6,civilian_targeting,1,0
Lebanon,2023,July,7,civilian_targeting,4,4
Lebanon,2023,August,8,civilian_targeting,6,1
Lebanon,2023,September,9,civilian_targeting,3,0
Lebanon,2023,October,10,civilian_targeting,33,15
Lebanon,2023,November,11,civilian_targeting,25,20
Lebanon,2023,December,12,civilian_targeting,24,5
Lebanon,2024,January,1,civilian_targeting,12,7
Lebanon,2024,February,2,civilian_targeting,10,8
Lebanon,2024,March,3,civilian_targeting,23,24
Lebanon,2024,April,4,civilian_targeting,26,8
Lebanon,2024,May,5,civilian_targeting,21,10
Lebanon,2024,June,6,civilian_targeting,28,4
Lebanon,2024,July,7,civilian_targeting,20,5
Lebanon,2024,August,8,civilian_targeting,36,6
Lebanon,2024,September,9,civilian_targeting,97,754
Lebanon,2024,October,10,civilian_targeting,250,536
Lebanon,2024,November,11,civilian_targeting,325,752
Lebanon,2024,December,12,civilian_targeting,27,18
Lebanon,2025,January,1,civilian_targeting,64,35
Lebanon,2025,February,2,civilian_targeting,23,6
Lebanon,2025,March,3,civilian_targeting,27,5
Lebanon,2025,April,4,civilian_targeting,21,7
Lebanon,2025,May,5,civilian_targeting,38,6
Lebanon,2025,June,6,civilian_targeting,25,4
Lebanon,2025,July,7,civilian_targeting,14,4
Lebanon,2025,August,8,civilian_targeting,23,5
Lebanon,2025,September,9,civilian_targeting,12,3
Lebanon,2025,October,10,civilian_targeting,27,7
Lebanon,2025,November,11,civilian_targeting,20,1
Lebanon,2025,December,12,civilian_targeting,7,0
Lebanon,2026,January,1,civilian_targeting,23,6
Lebanon,2026,February,2,civilian_targeting,7,2
Lebanon,2026,March,3,civilian_targeting,341,764
Lebanon,2026,April,4,civilian_targeting,312,635
Lebanon,2026,May,5,civilian_targeting,298,549
Lebanon,2026,June,6,civilian_targeting,230,382
Lebanon,2026,July,7,civilian_targeting,26,14
Lebanon,2026,August,8,civilian_targeting,21,8
Lebanon,2026,September,9,civilian_targeting,16,21
Lebanon,2016,January,1,demonstrations,90,
Lebanon,2016,February,2,demonstrations,78,
Lebanon,2016,March,3,demonstrations,52,
Lebanon,2016,April,4,demonstrations,33,
Lebanon,2016,May,5,demonstrations,35,
Lebanon,2016,June,6,demonstrations,19,
Lebanon,2016,July,7,demonstrations,37,
Lebanon,2016,August,8,demonstrations,30,
Lebanon,2016,September,9,demonstrations,43,
Lebanon,2016,October,10,demonstrations,51,
Lebanon,2016,November,11,demonstrations,23,
Lebanon,2016,December,12,demonstrations,26,
Lebanon,2017,January,1,demonstrations,37,
Lebanon,2017,February,2,demonstrations,62,
Lebanon,2017,March,3,demonstrations,71,
Lebanon,2017,April,4,demonstrations,52,
Lebanon,2017,May,5,demonstrations,33,
Lebanon,2017,June,6,demonstrations,16,
Lebanon,2017,July,7,demonstrations,18,
Lebanon,2017,August,8,demonstrations,15,
Lebanon,2017,September,9,demonstrations,19,
Lebanon,2017,October,10,demonstrations,40,
Lebanon,2017,November,11,demonstrations,12,
Lebanon,2017,December,12,demonstrations,63,
Lebanon,2018,January,1,demonstrations,62,
Lebanon,2018,February,2,demonstrations,31,
Lebanon,2018,March,3,demonstrations,47,
Lebanon,2018,April,4,demonstrations,30,
Lebanon,2018,May,5,demonstrations,27,
Lebanon,2018,June,6,demonstrations,28,
Lebanon,2018,July,7,demonstrations,44,
Lebanon,2018,August,8,demonstrations,36,
Lebanon,2018,September,9,demonstrations,25,
Lebanon,2018,October,10,demonstrations,23,
Lebanon,2018,November,11,demonstrations,32,
Lebanon,2018,December,12,demonstrations,33,
Lebanon,2019,January,1,demonstrations,33,
Lebanon,2019,February,2,demonstrations,33,
Lebanon,2019,March,3,demonstrations,49,
Lebanon,2019,April,4,demonstrations,57,
Lebanon,2019,May,5,demonstrations,79,
Lebanon,2019,June,6,demonstrations,64,
Lebanon,2019,July,7,demonstrations,86,
Lebanon,2019,August,8,demonstrations,51,
Lebanon,2019,September,9,demonstrations,101,
Lebanon,2019,October,10,demonstrations,1004,
Lebanon,2019,November,11,demonstrations,1130,
Lebanon,2019,December,12,demonstrations,713,
Lebanon,2020,January,1,demonstrations,680,
Lebanon,2020,February,2,demonstrations,194,
Lebanon,2020,March,3,demonstrations,193,
Lebanon,2020,April,4,demonstrations,275,
Lebanon,2020,May,5,demonstrations,199,
Lebanon,2020,June,6,demonstrations,433,
Lebanon,2020,July,7,demonstrations,231,
Lebanon,2020,August,8,demonstrations,98,
Lebanon,2020,September,9,demonstrations,131,
Lebanon,2020,October,10,demonstrations,137,
Lebanon,2020,November,11,demonstrations,65,
Lebanon,2020,December,12,demonstrations,107,
Lebanon,2021,January,1,demonstrations,163,
Lebanon,2021,February,2,demonstrations,145,
Lebanon,2021,March,3,demonstrations,865,
Lebanon,2021,April,4,demonstrations,121,
Lebanon,2021,May,5,demonstrations,185,
Lebanon,2021,June,6,demonstrations,351,
Lebanon,2021,July,7,demonstrations,269,
Lebanon,2021,August,8,demonstrations,352,
Lebanon,2021,September,9,demonstrations,96,
Lebanon,2021,October,10,demonstrations,127,
Lebanon,2021,November,11,demonstrations,127,
Lebanon,2021,December,12,demonstrations,78,
Lebanon,2022,January,1,demonstrations,155,
Lebanon,2022,February,2,demonstrations,85,
Lebanon,2022,March,3,demonstrations,87,
Lebanon,2022,April,4,demonstrations,87,
Lebanon,2022,May,5,demonstrations,79,
Lebanon,2022,June,6,demonstrations,83,
Lebanon,2022,July,7,demonstrations,85,
Lebanon,2022,August,8,demonstrations,68,
Lebanon,2022,September,9,demonstrations,100,
Lebanon,2022,October,10,demonstrations,55,
Lebanon,2022,November,11,demonstrations,43,
Lebanon,2022,December,12,demonstrations,24,
Lebanon,2023,January,1,demonstrations,142,
Lebanon,2023,February,2,demonstrations,99,
Lebanon,2023,March,3,demonstrations,91,
Lebanon,2023,April,4,demonstrations,43,
Lebanon,2023,May,5,demonstrations,70,
Lebanon,2023,June,6,demonstrations,46,
Lebanon,2023,July,7,demonstrations,75,
Lebanon,2023,August,8,demonstrations,30,
Lebanon,2023,September,9,demonstrations,43,
Lebanon,2023,October,10,demonstrations,228,
Lebanon,2023,November,11,demonstrations,64,
Lebanon,2023,December,12,demonstrations,61,
Lebanon,2024,January,1,demonstrations,33,
Lebanon,2024,February,2,demonstrations,40,
Lebanon,2024,March,3,demonstrations,23,
Lebanon,2024,April,4,demonstrations,41,
Lebanon,2024,May,5,demonstrations,52,
Lebanon,2024,June,6,demonstrations,14,
Lebanon,2024,July,7,demonstrations,16,
Lebanon,2024,August,8,demonstrations,12,
Lebanon,2024,September,9,demonstrations,21,
Lebanon,2024,October,10,demonstrations,2,
Lebanon,2024,November,11,demonstrations,0,
Lebanon,2024,December,12,demonstrations,11,
Lebanon,2025,January,1,demonstrations,12,
Lebanon,2025,February,2,demonstrations,26,
Lebanon,2025,March,3,demonstrations,20,
Lebanon,2025,April,4,demonstrations,56,
Lebanon,2025,May,5,demonstrations,20,
Lebanon,2025,June,6,demonstrations,31,
Lebanon,2025,July,7,demonstrations,46,
Lebanon,2025,August,8,demonstrations,57,
Lebanon,2025,September,9,demonstrations,33,
Lebanon,2025,October,10,demonstrations,39,
Lebanon,2025,November,11,demonstrations,26,
Lebanon,2025,December,12,demonstrations,26,
Lebanon,2026,January,1,demonstrations,46,
Lebanon,2026,February,2,demonstrations,46,
Lebanon,2026,March,3,demonstrations,11,
Lebanon,2026,April,4,demonstrations,21,
Lebanon,2026,May,5,demonstrations,14,
Lebanon,2026,June,6,demonstrations,14,
Lebanon,2026,July,7,demonstrations,15,
Lebanon,2026,August,8,demonstrations,23,
Lebanon,2026,September,9,demonstrations,5,
Lebanon,2016,January,1,political_violence,38,21
Lebanon,2016,February,2,political_violence,27,26
Lebanon,2016,March,3,political_violence,23,57
Lebanon,2016,April,4,political_violence,32,10
Lebanon,2016,May,5,political_violence,28,0
Lebanon,2016,June,6,political_violence,33,35
Lebanon,2016,July,7,political_violence,55,19
Lebanon,2016,August,8,political_violence,36,11
Lebanon,2016,September,9,political_violence,27,6
Lebanon,2016,October,10,political_violence,20,12
Lebanon,2016,November,11,political_violence,24,12
Lebanon,2016,December,12,political_violence,24,10
Lebanon,2017,January,1,political_violence,17,15
Lebanon,2017,February,2,political_violence,19,10
Lebanon,2017,March,3,political_violence,24,13
Lebanon,2017,April,4,political_violence,26,40
Lebanon,2017,May,5,political_violence,19,41
Lebanon,2017,June,6,political_violence,20,20
Lebanon,2017,July,7,political_violence,43,183
Lebanon,2017,August,8,political_violence,38,57
Lebanon,2017,September,9,political_violence,10,2
Lebanon,2017,October,10,political_violence,10,2
Lebanon,2017,November,11,political_violence,11,2
Lebanon,2017,December,12,political_violence,5,0
Lebanon,2018,January,1,political_violence,4,0
Lebanon,2018,February,2,political_violence,12,3
Lebanon,2018,March,3,political_violence,13,7
Lebanon,2018,April,4,political_violence,14,2
Lebanon,2018,May,5,political_violence,21,4
Lebanon,2018,June,6,political_violence,7,2
Lebanon,2018,July,7,political_violence,13,1
Lebanon,2018,August,8,political_violence,5,1
Lebanon,2018,September,9,political_violence,8,1
Lebanon,2018,October,10,political_violence,11,3
Lebanon,2018,November,11,political_violence,5,4
Lebanon,2018,December,12,political_violence,11,3
Lebanon,2019,January,1,political_violence,3,0
Lebanon,2019,February,2,political_violence,7,0
Lebanon,2019,March,3,political_violence,8,2
Lebanon,2019,April,4,political_violence,8,2
Lebanon,2019,May,5,political_violence,11,1
Lebanon,2019,June,6,political_violence,15,10
Lebanon,2019,July,7,political_violence,8,0
Lebanon,2019,August,8,political_violence,9,2
Lebanon,2019,September,9,political_violence,7,1
Lebanon,2019,October,10,political_violence,9,0
Lebanon,2019,November,11,political_violence,13,0
Lebanon,2019,December,12,political_violence,16,0
Lebanon,2020,January,1,political_violence,18,0
Lebanon,2020,February,2,political_violence,9,0
Lebanon,2020,March,3,political_violence,7,1
Lebanon,2020,April,4,political_violence,16,1
Lebanon,2020,May,5,political_violence,26,5
Lebanon,2020,June,6,political_violence,12,0
Lebanon,2020,July,7,political_violence,9,3
Lebanon,2020,August,8,political_violence,26,7
Lebanon,2020,September,9,political_violence,16,18
Lebanon,2020,October,10,political_violence,15,2
Lebanon,2020,November,11,political_violence,17,2
Lebanon,2020,December,12,political_violence,18,6
Lebanon,2021,January,1,political_violence,13,0
Lebanon,2021,February,2,political_violence,14,3
Lebanon,2021,March,3,political_violence,20,0
Lebanon,2021,April,4,political_violence,22,4
Lebanon,2021,May,5,political_violence,32,1
Lebanon,2021,June,6,political_violence,32,1
Lebanon,2021,July,7,political_violence,39,1
Lebanon,2021,August,8,political_violence,48,10
Lebanon,2021,September,9,political_violence,14,3
Lebanon,2021,October,10,political_violence,11,11
Lebanon,2021,November,11,political_violence,6,0
Lebanon,2021,December,12,political_violence,3,4
Lebanon,2022,January,1,political_violence,6,0
Lebanon,2022,February,2,political_violence,4,0
Lebanon,2022,March,3,political_violence,7,0
Lebanon,2022,April,4,political_violence,33,6
Lebanon,2022,May,5,political_violence,58,4
Lebanon,2022,June,6,political_violence,25,5
Lebanon,2022,July,7,political_violence,25,4
Lebanon,2022,August,8,political_violence,14,2
Lebanon,2022,September,9,political_violence,37,15
Lebanon,2022,October,10,political_violence,19,3
Lebanon,2022,November,11,political_violence,17,2
Lebanon,2022,December,12,political_violence,16,2
Lebanon,2023,January,1,political_violence,12,6
Lebanon,2023,February,2,political_violence,15,3
Lebanon,2023,March,3,political_violence,27,2
Lebanon,2023,April,4,political_violence,36,8
Lebanon,2023,May,5,political_violence,22,2
Lebanon,2023,June,6,political_violence,12,1
Lebanon,2023,July,7,political_violence,25,20
Lebanon,2023,August,8,political_violence,25,11
Lebanon,2023,September,9,political_violence,20,19
Lebanon,2023,October,10,political_violence,426,76
Lebanon,2023,November,11,political_violence,658,63
Lebanon,2023,December,12,political_violence,826,55
Lebanon,2024,January,1,political_violence,750,69
Lebanon,2024,February,2,political_violence,883,94
Lebanon,2024,March,3,political_violence,757,90
Lebanon,2024,April,4,political_violence,709,41
Lebanon,2024,May,5,political_violence,663,67
Lebanon,2024,June,6,political_violence,695,54
Lebanon,2024,July,7,political_violence,730,54
Lebanon,2024,August,8,political_violence,796,73
Lebanon,2024,September,9,political_violence,1797,1253
Lebanon,2024,October,10,political_violence,3048,1131
Lebanon,2024,November,11,political_violence,2489,1087
Lebanon,2024,December,12,political_violence,200,38
Lebanon,2025,January,1,political_violence,197,46
Lebanon,2025,February,2,political_violence,129,27
Lebanon,2025,March,3,political_violence,235,47
Lebanon,2025,April,4,political_violence,117,30
Lebanon,2025,May,5,political_violence,189,23
Lebanon,2025,June,6,political_violence,153,27
Lebanon,2025,July,7,political_violence,175,49
Lebanon,2025,August,8,political_violence,161,38
Lebanon,2025,September,9,political_violence,166,35
Lebanon,2025,October,10,political_violence,156,34
Lebanon,2025,November,11,political_violence,186,43
Lebanon,2025,December,12,political_violence,190,13
Lebanon,2026,January,1,political_violence,234,22
Lebanon,2026,February,2,political_violence,193,33
Lebanon,2026,March,3,political_violence,2390,944
Lebanon,2026,April,4,political_violence,1774,789
Lebanon,2026,May,5,political_violence,2091,623
Lebanon,2026,June,6,political_violence,1432,523
Lebanon,2026,July,7,political_violence,356,42
Lebanon,2026,August,8,political_violence,597,25
Lebanon,2026,September,9,political_violence,195,32
Sudan,1997,January,1,civilian_targeting,7,307
Sudan,1997,February,2,civilian_targeting,0,0
Sudan,1997,March,3,civilian_targeting,2,0
Sudan,1997,April,4,civilian_targeting,4,0
Sudan,1997,May,5,civilian_targeting,1,3
Sudan,1997,June,6,civilian_targeting,2,144
Sudan,1997,July,7,civilian_targeting,3,6
Sudan,1997,August,8,civilian_targeting,2,4
Sudan,1997,September,9,civilian_targeting,1,1
Sudan,1997,October,10,civilian_targeting,1,23
Sudan,1997,November,11,civilian_targeting,4,5
Sudan,1997,December,12,civilian_targeting,1,0
Sudan,1998,January,1,civilian_targeting,1,10
Sudan,1998,February,2,civilian_targeting,1,21
Sudan,1998,March,3,civilian_targeting,2,23
Sudan,1998,April,4,civilian_targeting,4,75
Sudan,1998,May,5,civilian_targeting,9,277
Sudan,1998,June,6,civilian_targeting,4,5
Sudan,1998,July,7,civilian_targeting,0,0
Sudan,1998,August,8,civilian_targeting,2,2
Sudan,1998,September,9,civilian_targeting,5,6
Sudan,1998,October,10,civilian_targeting,0,0
Sudan,1998,November,11,civilian_targeting,1,2
Sudan,1998,December,12,civilian_targeting,4,6
Sudan,1999,January,1,civilian_targeting,2,6
Sudan,1999,February,2,civilian_targeting,7,48
Sudan,1999,March,3,civilian_targeting,1,3
Sudan,1999,April,4,civilian_targeting,5,0
Sudan,1999,May,5,civilian_targeting,9,37
Sudan,1999,June,6,civilian_targeting,3,15
Sudan,1999,July,7,civilian_targeting,4,10
Sudan,1999,August,8,civilian_targeting,1,0
Sudan,1999,September,9,civilian_targeting,3,5
Sudan,1999,October,10,civilian_targeting,1,0
Sudan,1999,November,11,civilian_targeting,2,1
Sudan,1999,December,12,civilian_targeting,0,0
Sudan,2000,January,1,civilian_targeting,2,8
Sudan,2000,February,2,civilian_targeting,4,17
Sudan,2000,March,3,civilian_targeting,17,29
Sudan,2000,April,4,civilian_targeting,4,2
Sudan,2000,May,5,civilian_targeting,4,0
Sudan,2000,June,6,civilian_targeting,3,8
Sudan,2000,July,7,civilian_targeting,9,12
Sudan,2000,August,8,civilian_targeting,12,20
Sudan,2000,September,9,civilian_targeting,3,1
Sudan,2000,October,10,civilian_targeting,10,1
Sudan,2000,November,11,civilian_targeting,10,47
Sudan,2000,December,12,civilian_targeting,5,27
Sudan,2001,January,1,civilian_targeting,4,21
Sudan,2001,February,2,civilian_targeting,1,7
Sudan,2001,March,3,civilian_targeting,0,0
Sudan,2001,April,4,civilian_targeting,6,1
Sudan,2001,May,5,civilian_targeting,5,6
Sudan,2001,June,6,civilian_targeting,7,6
Sudan,2001,July,7,civilian_targeting,7,6
Sudan,2001,August,8,civilian_targeting,2,0
Sudan,2001,September,9,civilian_targeting,3,8
Sudan,2001,October,10,civilian_targeting,4,21
Sudan,2001,November,11,civilian_targeting,7,5
Sudan,2001,December,12,civilian_targeting,1,0
Sudan,2002,January,1,civilian_targeting,3,0
Sudan,2002,February,2,civilian_targeting,3,3
Sudan,2002,March,3,civilian_targeting,1,0
Sudan,2002,April,4,civilian_targeting,30,578
Sudan,2002,May,5,civilian_targeting,14,653
Sudan,2002,June,6,civilian_targeting,7,67
Sudan,2002,July,7,civilian_targeting,3,20
Sudan,2002,August,8,civilian_targeting,7,11
Sudan,2002,September,9,civilian_targeting,10,65
Sudan,2002,October,10,civilian_targeting,4,18
Sudan,2002,November,11,civilian_targeting,3,8
Sudan,2002,December,12,civilian_targeting,6,83
Sudan,2003,January,1,civilian_targeting,1,2
Sudan,2003,February,2,civilian_targeting,0,0
Sudan,2003,March,3,civilian_targeting,3,4
Sudan,2003,April,4,civilian_targeting,1,55
Sudan,2003,May,5,civilian_targeting,7,15
Sudan,2003,June,6,civilian_targeting,2,0
Sudan,2003,July,7,civilian_targeting,22,676
Sudan,2003,August,8,civilian_targeting,15,1355
Sudan,2003,September,9,civilian_targeting,6,172
Sudan,2003,October,10,civilian_targeting,12,323
Sudan,2003,November,11,civilian_targeting,26,477
Sudan,2003,December,12,civilian_targeting,16,541
Sudan,2004,January,1,civilian_targeting,36,2256
Sudan,2004,February,2,civilian_targeting,34,573
Sudan,2004,March,3,civilian_targeting,32,446
Sudan,2004,April,4,civilian_targeting,20,262
Sudan,2004,May,5,civilian_targeting,25,579
Sudan,2004,June,6,civilian_targeting,26,594
Sudan,2004,July,7,civilian_targeting,44,695
Sudan,2004,August,8,civilian_targeting,31,238
Sudan,2004,September,9,civilian_targeting,22,332
Sudan,2004,October,10,civilian_targeting,34,87
Sudan,2004,November,11,civilian_targeting,36,280
Sudan,2004,December,12,civilian_targeting,25,79
Sudan,2005,January,1,civilian_targeting,29,343
Sudan,2005,February,2,civilian_targeting,16,53
Sudan,2005,March,3,civilian_targeting,21,14
Sudan,2005,April,4,civilian_targeting,13,48
Sudan,2005,May,5,civilian_targeting,17,43
Sudan,2005,June,6,civilian_targeting,8,1
Sudan,2005,July,7,civilian_targeting,14,26
Sudan,2005,August,8,civilian_targeting,9,59
Sudan,2005,September,9,civilian_targeting,29,164
Sudan,2005,October,10,civilian_targeting,9,39
Sudan,2005,November,11,civilian_targeting,16,54
Sudan,2005,December,12,civilian_targeting,14,59
Sudan,2006,January,1,civilian_targeting,4,8
Sudan,2006,February,2,civilian_targeting,5,18
Sudan,2006,March,3,civilian_targeting,4,31
Sudan,2006,April,4,civilian_targeting,3,20
Sudan,2006,May,5,civilian_targeting,5,122
Sudan,2006,June,6,civilian_targeting,8,20
Sudan,2006,July,7,civilian_targeting,11,91
Sudan,2006,August,8,civilian_targeting,9,12
Sudan,2006,September,9,civilian_targeting,7,1
Sudan,2006,October,10,civilian_targeting,14,216
Sudan,2006,November,11,civilian_targeting,27,238
Sudan,2006,December,12,civilian_targeting,14,151
Sudan,2007,January,1,civilian_targeting,8,36
Sudan,2007,February,2,civilian_targeting,5,19
Sudan,2007,March,3,civilian_targeting,5,121
Sudan,2007,April,4,civilian_targeting,9,140
Sudan,2007,May,5,civilian_targeting,6,63
Sudan,2007,June,6,civilian_targeting,1,1
Sudan,2007,July,7,civilian_targeting,2,400
Sudan,2007,August,8,civilian_targeting,4,212
Sudan,2007,September,9,civilian_targeting,5,1
Sudan,2007,October,10,civilian_targeting,12,114
Sudan,2007,November,11,civilian_targeting,3,5
Sudan,2007,December,12,civilian_targeting,3,29
Sudan,2008,January,1,civilian_targeting,9,6
Sudan,2008,February,2,civilian_targeting,18,233
Sudan,2008,March,3,civilian_targeting,9,6
Sudan,2008,April,4,civilian_targeting,17,20
Sudan,2008,May,5,civilian_targeting,14,54
Sudan,2008,June,6,civilian_targeting,14,22
Sudan,2008,July,7,civilian_targeting,9,74
Sudan,2008,August,8,civilian_targeting,11,245
Sudan,2008,September,9,civilian_targeting,7,16
Sudan,2008,October,10,civilian_targeting,5,23
Sudan,2008,November,11,civilian_targeting,3,10
Sudan,2008,December,12,civilian_targeting,5,202
Sudan,2009,January,1,civilian_targeting,21,159
Sudan,2009,February,2,civilian_targeting,9,8
Sudan,2009,March,3,civilian_targeting,17,40
Sudan,2009,April,4,civilian_targeting,7,21
Sudan,2009,May,5,civilian_targeting,15,10
Sudan,2009,June,6,civilian_targeting,5,4
Sudan,2009,July,7,civilian_targeting,12,6
Sudan,2009,August,8,civilian_targeting,15,60
Sudan,2009,September,9,civilian_targeting,9,5
Sudan,2009,October,10,civilian_targeting,19,53
Sudan,2009,November,11,civilian_targeting,9,35
Sudan,2009,December,12,civilian_targeting,7,13
Sudan,2010,January,1,civilian_targeting,1,0
Sudan,2010,February,2,civilian_targeting,3,0
Sudan,2010,March,3,civilian_targeting,8,10
Sudan,2010,April,4,civilian_targeting,10,14
Sudan,2010,May,5,civilian_targeting,17,27
Sudan,2010,June,6,civilian_targeting,16,30
Sudan,2010,July,7,civilian_targeting,11,33
Sudan,2010,August,8,civilian_targeting,5,15
Sudan,2010,September,9,civilian_targeting,11,117
Sudan,2010,October,10,civilian_targeting,6,12
Sudan,2010,November,11,civilian_targeting,4,4
Sudan,2010,December,12,civilian_targeting,8,13
Sudan,2011,January,1,civilian_targeting,13,124
Sudan,2011,February,2,civilian_targeting,14,115
Sudan,2011,March,3,civilian_targeting,13,113
Sudan,2011,April,4,civilian_targeting,10,126
Sudan,2011,May,5,civilian_targeting,15,204
Sudan,2011,June,6,civilian_targeting,14,603
Sudan,2011,July,7,civilian_targeting,1,3
Sudan,2011,August,8,civilian_targeting,2,6
Sudan,2011,September,9,civilian_targeting,9,36
Sudan,2011,October,10,civilian_targeting,2,0
Sudan,2011,November,11,civilian_targeting,2,11
Sudan,2011,December,12,civilian_targeting,3,0
Sudan,2012,January,1,civilian_targeting,5,3
Sudan,2012,February,2,civilian_targeting,4,0
Sudan,2012,March,3,civilian_targeting,5,3
Sudan,2012,April,4,civilian_targeting,5,9
Sudan,2012,May,5,civilian_targeting,15,6
Sudan,2012,June,6,civilian_targeting,20,4
Sudan,2012,July,7,civilian_targeting,39,42
Sudan,2012,August,8,civilian_targeting,39,24
Sudan,2012,September,9,civilian_targeting,39,144
Sudan,2012,October,10,civilian_targeting,55,19
Sudan,2012,November,11,civilian_targeting,69,76
Sudan,2012,December,12,civilian_targeting,63,41
Sudan,2013,January,1,civilian_targeting,46,46
Sudan,2013,February,2,civilian_targeting,20,71
Sudan,2013,March,3,civilian_targeting,39,22
Sudan,2013,April,4,civilian_targeting,39,82
Sudan,2013,May,5,civilian_targeting,49,187
Sudan,2013,June,6,civilian_targeting,32,45
Sudan,2013,July,7,civilian_targeting,26,38
Sudan,2013,August,8,civilian_targeting,34,47
Sudan,2013,September,9,civilian_targeting,52,167
Sudan,2013,October,10,civilian_targeting,70,62
Sudan,2013,November,11,civilian_targeting,47,86
Sudan,2013,December,12,civilian_targeting,40,85
Sudan,2014,January,1,civilian_targeting,59,57
Sudan,2014,February,2,civilian_targeting,55,140
Sudan,2014,March,3,civilian_targeting,91,304
Sudan,2014,April,4,civilian_targeting,54,63
Sudan,2014,May,5,civilian_targeting,77,45
Sudan,2014,June,6,civilian_targeting,82,74
Sudan,2014,July,7,civilian_targeting,69,66
Sudan,2014,August,8,civilian_targeting,58,58
Sudan,2014,September,9,civilian_targeting,46,31
Sudan,2014,October,10,civilian_targeting,53,43
Sudan,2014,November,11,civilian_targeting,44,49
Sudan,2014,December,12,civilian_targeting,76,55
Sudan,2015,January,1,civilian_targeting,117,137
Sudan,2015,February,2,civilian_targeting,69,121
Sudan,2015,March,3,civilian_targeting,57,134
Sudan,2015,April,4,civilian_targeting,86,147
Sudan,2015,May,5,civilian_targeting,92,67
Sudan,2015,June,6,civilian_targeting,54,93
Sudan,2015,July,7,civilian_targeting,70,103
Sudan,2015,August,8,civilian_targeting,45,36
Sudan,2015,September,9,civilian_targeting,38,27
Sudan,2015,October,10,civilian_targeting,53,33
Sudan,2015,November,11,civilian_targeting,55,53
Sudan,2015,December,12,civilian_targeting,63,59
Sudan,2016,January,1,civilian_targeting,68,232
Sudan,2016,February,2,civilian_targeting,59,88
Sudan,2016,March,3,civilian_targeting,33,52
Sudan,2016,April,4,civilian_targeting,64,131
Sudan,2016,May,5,civilian_targeting,55,53
Sudan,2016,June,6,civilian_targeting,72,65
Sudan,2016,July,7,civilian_targeting,43,36
Sudan,2016,August,8,civilian_targeting,67,67
Sudan,2016,September,9,civilian_targeting,81,65
Sudan,2016,October,10,civilian_targeting,62,34
Sudan,2016,November,11,civilian_targeting,57,35
Sudan,2016,December,12,civilian_targeting,54,37
Sudan,2017,January,1,civilian_targeting,47,35
Sudan,2017,February,2,civilian_targeting,38,29
Sudan,2017,March,3,civilian_targeting,33,45
Sudan,2017,April,4,civilian_targeting,34,56
Sudan,2017,May,5,civilian_targeting,36,57
Sudan,2017,June,6,civilian_targeting,43,39
Sudan,2017,July,7,civilian_targeting,30,36
Sudan,2017,August,8,civilian_targeting,31,18
Sudan,2017,September,9,civilian_targeting,27,29
Sudan,2017,October,10,civilian_targeting,47,39
Sudan,2017,November,11,civilian_targeting,28,16
Sudan,2017,December,12,civilian_targeting,25,9
Sudan,2018,January,1,civilian_targeting,21,9
Sudan,2018,February,2,civilian_targeting,20,27
Sudan,2018,March,3,civilian_targeting,22,23
Sudan,2018,April,4,civilian_targeting,28,35
Sudan,2018,May,5,civilian_targeting,23,16
Sudan,2018,June,6,civilian_targeting,36,31
Sudan,2018,July,7,civilian_targeting,35,22
Sudan,2018,August,8,civilian_targeting,15,17
Sudan,2018,September,9,civilian_targeting,31,11
Sudan,2018,October,10,civilian_targeting,41,74
Sudan,2018,November,11,civilian_targeting,30,17
Sudan,2018,December,12,civilian_targeting,28,43
Sudan,2019,January,1,civilian_targeting,35,20
Sudan,2019,February,2,civilian_targeting,20,9
Sudan,2019,March,3,civilian_targeting,31,26
Sudan,2019,April,4,civilian_targeting,21,19
Sudan,2019,May,5,civilian_targeting,24,14
Sudan,2019,June,6,civilian_targeting,32,162
Sudan,2019,July,7,civilian_targeting,35,29
Sudan,2019,August,8,civilian_targeting,21,17
Sudan,2019,September,9,civilian_targeting,14,21
Sudan,2019,October,10,civilian_targeting,35,10
Sudan,2019,November,11,civilian_targeting,41,29
Sudan,2019,December,12,civilian_targeting,38,63
Sudan,2020,January,1,civilian_targeting,24,68
Sudan,2020,February,2,civilian_targeting,18,8
Sudan,2020,March,3,civilian_targeting,18,27
Sudan,2020,April,4,civilian_targeting,23,30
Sudan,2020,May,5,civilian_targeting,30,43
Sudan,2020,June,6,civilian_targeting,29,38
Sudan,2020,July,7,civilian_targeting,34,62
Sudan,2020,August,8,civilian_targeting,18,10
Sudan,2020,September,9,civilian_targeting,18,20
Sudan,2020,October,10,civilian_targeting,19,31
Sudan,2020,November,11,civilian_targeting,15,13
Sudan,2020,December,12,civilian_targeting,29,27
Sudan,2021,January,1,civilian_targeting,49,117
Sudan,2021,February,2,civilian_targeting,30,29
Sudan,2021,March,3,civilian_targeting,33,30
Sudan,2021,April,4,civilian_targeting,24,26
Sudan,2021,May,5,civilian_targeting,28,41
Sudan,2021,June,6,civilian_targeting,36,28
Sudan,2021,July,7,civilian_targeting,42,53
Sudan,2021,August,8,civilian_targeting,39,42
Sudan,2021,September,9,civilian_targeting,32,20
Sudan,2021,October,10,civilian_targeting,42,59
Sudan,2021,November,11,civilian_targeting,47,66
Sudan,2021,December,12,civilian_targeting,58,83
Sudan,2022,January,1,civilian_targeting,68,50
Sudan,2022,February,2,civilian_targeting,51,46
Sudan,2022,March,3,civilian_targeting,63,78
Sudan,2022,April,4,civilian_targeting,35,96
Sudan,2022,May,5,civilian_targeting,68,52
Sudan,2022,June,6,civilian_targeting,68,75
Sudan,2022,July,7,civilian_targeting,63,25
Sudan,2022,August,8,civilian_targeting,39,44
Sudan,2022,September,9,civilian_targeting,41,28
Sudan,2022,October,10,civilian_targeting,51,62
Sudan,2022,November,11,civilian_targeting,66,40
Sudan,2022,December,12,civilian_targeting,57,45
Sudan,2023,January,1,civilian_targeting,66,53
Sudan,2023,February,2,civilian_targeting,70,44
Sudan,2023,March,3,civilian_targeting,40,56
Sudan,2023,April,4,civilian_targeting,100,186
Sudan,2023,May,5,civilian_targeting,148,364
Sudan,2023,June,6,civilian_targeting,149,681
Sudan,2023,July,7,civilian_targeting,153,300
Sudan,2023,August,8,civilian_targeting,139,260
Sudan,2023,September,9,civilian_targeting,165,410
Sudan,2023,October,10,civilian_targeting,160,377
Sudan,2023,November,11,civilian_targeting,135,761
Sudan,2023,December,12,civilian_targeting,153,426
Sudan,2024,January,1,civilian_targeting,131,312
Sudan,2024,February,2,civilian_targeting,201,486
Sudan,2024,March,3,civilian_targeting,155,320
Sudan,2024,April,4,civilian_targeting,204,360
Sudan,2024,May,5,civilian_targeting,183,340
Sudan,2024,June,6,civilian_targeting,141,457
Sudan,2024,July,7,civilian_targeting,127,286
Sudan,2024,August,8,civilian_targeting,210,414
Sudan,2024,September,9,civilian_targeting,191,436
Sudan,2024,October,10,civilian_targeting,345,1278
Sudan,2024,November,11,civilian_targeting,277,909
Sudan,2024,December,12,civilian_targeting,240,826
Sudan,2025,January,1,civilian_targeting,274,752
Sudan,2025,February,2,civilian_targeting,228,805
Sudan,2025,March,3,civilian_targeting,199,573
Sudan,2025,April,4,civilian_targeting,130,721
Sudan,2025,May,5,civilian_targeting,142,480
Sudan,2025,June,6,civilian_targeting,132,308
Sudan,2025,July,7,civilian_targeting,93,233
Sudan,2025,August,8,civilian_targeting,109,300
Sudan,2025,September,9,civilian_targeting,65,142
Sudan,2025,October,10,civilian_targeting,106,2317
Sudan,2025,November,11,civilian_targeting,77,121
Sudan,2025,December,12,civilian_targeting,104,497
Sudan,2026,January,1,civilian_targeting,117,436
Sudan,2026,February,2,civilian_targeting,84,205
Sudan,2026,March,3,civilian_targeting,101,447
Sudan,2026,April,4,civilian_targeting,85,152
Sudan,2026,May,5,civilian_targeting,91,278
Sudan,2026,June,6,civilian_targeting,81,219
Sudan,2026,July,7,civilian_targeting,151,269
Sudan,2026,August,8,civilian_targeting,92,202
Sudan,2026,September,9,civilian_targeting,11,29
Sudan,1997,January,1,demonstrations,8,
Sudan,1997,February,2,demonstrations,0,
Sudan,1997,March,3,demonstrations,1,
Sudan,1997,April,4,demonstrations,1,
Sudan,1997,May,5,demonstrations,2,
Sudan,1997,June,6,demonstrations,1,
Sudan,1997,July,7,demonstrations,1,
Sudan,1997,August,8,demonstrations,0,
Sudan,1997,September,9,demonstrations,0,
Sudan,1997,October,10,demonstrations,0,
Sudan,1997,November,11,demonstrations,3,
Sudan,1997,December,12,demonstrations,2,
Sudan,1998,January,1,demonstrations,1,
Sudan,1998,February,2,demonstrations,0,
Sudan,1998,March,3,demonstrations,0,
Sudan,1998,April,4,demonstrations,0,
Sudan,1998,May,5,demonstrations,0,
Sudan,1998,June,6,demonstrations,4,
Sudan,1998,July,7,demonstrations,0,
Sudan,1998,August,8,demonstrations,3,
Sudan,1998,September,9,demonstrations,0,
Sudan,1998,October,10,demonstrations,2,
Sudan,1998,November,11,demonstrations,0,
Sudan,1998,December,12,demonstrations,1,
Sudan,1999,January,1,demonstrations,2,
Sudan,1999,February,2,demonstrations,0,
Sudan,1999,March,3,demonstrations,0,
Sudan,1999,April,4,demonstrations,0,
Sudan,1999,May,5,demonstrations,2,
Sudan,1999,June,6,demonstrations,1,
Sudan,1999,July,7,demonstrations,2,
Sudan,1999,August,8,demonstrations,1,
Sudan,1999,September,9,demonstrations,6,
Sudan,1999,October,10,demonstrations,3,
Sudan,1999,November,11,demonstrations,0,
Sudan,1999,December,12,demonstrations,0,
Sudan,2000,January,1,demonstrations,1,
Sudan,2000,February,2,demonstrations,0,
Sudan,2000,March,3,demonstrations,0,
Sudan,2000,April,4,demonstrations,1,
Sudan,2000,May,5,demonstrations,1,
Sudan,2000,June,6,demonstrations,4,
Sudan,2000,July,7,demonstrations,0,
Sudan,2000,August,8,demonstrations,0,
Sudan,2000,September,9,demonstrations,8,
Sudan,2000,October,10,demonstrations,2,
Sudan,2000,November,11,demonstrations,1,
Sudan,2000,December,12,demonstrations,2,
Sudan,2001,January,1,demonstrations,1,
Sudan,2001,February,2,demonstrations,4,
Sudan,2001,March,3,demonstrations,2,
Sudan,2001,April,4,demonstrations,0,
Sudan,2001,May,5,demonstrations,4,
Sudan,2001,June,6,demonstrations,1,
Sudan,2001,July,7,demonstrations,0,
Sudan,2001,August,8,demonstrations,3,
Sudan,2001,September,9,demonstrations,0,
Sudan,2001,October,10,demonstrations,6,
Sudan,2001,November,11,demonstrations,2,
Sudan,2001,December,12,demonstrations,1,
Sudan,2002,January,1,demonstrations,1,
Sudan,2002,February,2,demonstrations,0,
Sudan,2002,March,3,demonstrations,1,
Sudan,2002,April,4,demonstrations,3,
Sudan,2002,May,5,demonstrations,0,
Sudan,2002,June,6,demonstrations,0,
Sudan,2002,July,7,demonstrations,0,
Sudan,2002,August,8,demonstrations,2,
Sudan,2002,September,9,demonstrations,3,
Sudan,2002,October,10,demonstrations,2,
Sudan,2002,November,11,demonstrations,3,
Sudan,2002,December,12,demonstrations,0,
Sudan,2003,January,1,demonstrations,2,
Sudan,2003,February,2,demonstrations,1,
Sudan,2003,March,3,demonstrations,2,
Sudan,2003,April,4,demonstrations,0,
Sudan,2003,May,5,demonstrations,0,
Sudan,2003,June,6,demonstrations,0,
Sudan,2003,July,7,demonstrations,1,
Sudan,2003,August,8,demonstrations,1,
Sudan,2003,September,9,demonstrations,0,
Sudan,2003,October,10,demonstrations,1,
Sudan,2003,November,11,demonstrations,1,
Sudan,2003,December,12,demonstrations,0,
Sudan,2004,January,1,demonstrations,0,
Sudan,2004,February,2,demonstrations,1,
Sudan,2004,March,3,demonstrations,0,
Sudan,2004,April,4,demonstrations,0,
Sudan,2004,May,5,demonstrations,0,
Sudan,2004,June,6,demonstrations,0,
Sudan,2004,July,7,demonstrations,1,
Sudan,2004,August,8,demonstrations,1,
Sudan,2004,September,9,demonstrations,0,
Sudan,2004,October,10,demonstrations,0,
Sudan,2004,November,11,demonstrations,0,
Sudan,2004,December,12,demonstrations,0,
Sudan,2005,January,1,demonstrations,2,
Sudan,2005,February,2,demonstrations,1,
Sudan,2005,March,3,demonstrations,2,
Sudan,2005,April,4,demonstrations,1,
Sudan,2005,May,5,demonstrations,2,
Sudan,2005,June,6,demonstrations,0,
Sudan,2005,July,7,demonstrations,0,
Sudan,2005,August,8,demonstrations,5,
Sudan,2005,September,9,demonstrations,0,
Sudan,2005,October,10,demonstrations,0,
Sudan,2005,November,11,demonstrations,1,
Sudan,2005,December,12,demonstrations,1,
Sudan,2006,January,1,demonstrations,0,
Sudan,2006,February,2,demonstrations,1,
Sudan,2006,March,3,demonstrations,0,
Sudan,2006,April,4,demonstrations,0,
Sudan,2006,May,5,demonstrations,1,
Sudan,2006,June,6,demonstrations,0,
Sudan,2006,July,7,demonstrations,0,
Sudan,2006,August,8,demonstrations,1,
Sudan,2006,September,9,demonstrations,0,
Sudan,2006,October,10,demonstrations,0,
Sudan,2006,November,11,demonstrations,0,
Sudan,2006,December,12,demonstrations,3,
Sudan,2007,January,1,demonstrations,0,
Sudan,2007,February,2,demonstrations,0,
Sudan,2007,March,3,demonstrations,1,
Sudan,2007,April,4,demonstrations,0,
Sudan,2007,May,5,demonstrations,0,
Sudan,2007,June,6,demonstrations,0,
Sudan,2007,July,7,demonstrations,0,
Sudan,2007,August,8,demonstrations,0,
Sudan,2007,September,9,demonstrations,0,
Sudan,2007,October,10,demonstrations,0,
Sudan,2007,November,11,demonstrations,0,
Sudan,2007,December,12,demonstrations,0,
Sudan,2008,January,1,demonstrations,0,
Sudan,2008,February,2,demonstrations,0,
Sudan,2008,March,3,demonstrations,2,
Sudan,2008,April,4,demonstrations,1,
Sudan,2008,May,5,demonstrations,0,
Sudan,2008,June,6,demonstrations,1,
Sudan,2008,July,7,demonstrations,0,
Sudan,2008,August,8,demonstrations,1,
Sudan,2008,September,9,demonstrations,1,
Sudan,2008,October,10,demonstrations,0,
Sudan,2008,November,11,demonstrations,0,
Sudan,2008,December,12,demonstrations,0,
Sudan,2009,January,1,demonstrations,0,
Sudan,2009,February,2,demonstrations,1,
Sudan,2009,March,3,demonstrations,3,
Sudan,2009,April,4,demonstrations,1,
Sudan,2009,May,5,demonstrations,0,
Sudan,2009,June,6,demonstrations,0,
Sudan,2009,July,7,demonstrations,0,
Sudan,2009,August,8,demonstrations,2,
Sudan,2009,September,9,demonstrations,2,
Sudan,2009,October,10,demonstrations,1,
Sudan,2009,November,11,demonstrations,0,
Sudan,2009,December,12,demonstrations,3,
Sudan,2010,January,1,demonstrations,1,
Sudan,2010,February,2,demonstrations,0,
Sudan,2010,March,3,demonstrations,0,
Sudan,2010,April,4,demonstrations,0,
Sudan,2010,May,5,demonstrations,0,
Sudan,2010,June,6,demonstrations,1,
Sudan,2010,July,7,demonstrations,2,
Sudan,2010,August,8,demonstrations,0,
Sudan,2010,September,9,demonstrations,0,
Sudan,2010,October,10,demonstrations,2,
Sudan,2010,November,11,demonstrations,3,
Sudan,2010,December,12,demonstrations,6,
Sudan,2011,January,1,demonstrations,2,
Sudan,2011,February,2,demonstrations,4,
Sudan,2011,March,3,demonstrations,8,
Sudan,2011,April,4,demonstrations,16,
Sudan,2011,May,5,demonstrations,1,
Sudan,2011,June,6,demonstrations,1,
Sudan,2011,July,7,demonstrations,2,
Sudan,2011,August,8,demonstrations,1,
Sudan,2011,September,9,demonstrations,2,
Sudan,2011,October,10,demonstrations,1,
Sudan,2011,November,11,demonstrations,2,
Sudan,2011,December,12,demonstrations,4,
Sudan,2012,January,1,demonstrations,3,
Sudan,2012,February,2,demonstrations,2,
Sudan,2012,March,3,demonstrations,2,
Sudan,2012,April,4,demonstrations,1,
Sudan,2012,May,5,demonstrations,2,
Sudan,2012,June,6,demonstrations,69,
Sudan,2012,July,7,demonstrations,22,
Sudan,2012,August,8,demonstrations,4,
Sudan,2012,September,9,demonstrations,3,
Sudan,2012,October,10,demonstrations,1,
Sudan,2012,November,11,demonstrations,5,
Sudan,2012,December,12,demonstrations,7,
Sudan,2013,January,1,demonstrations,4,
Sudan,2013,February,2,demonstrations,4,
Sudan,2013,March,3,demonstrations,9,
Sudan,2013,April,4,demonstrations,18,
Sudan,2013,May,5,demonstrations,8,
Sudan,2013,June,6,demonstrations,5,
Sudan,2013,July,7,demonstrations,9,
Sudan,2013,August,8,demonstrations,1,
Sudan,2013,September,9,demonstrations,53,
Sudan,2013,October,10,demonstrations,22,
Sudan,2013,November,11,demonstrations,7,
Sudan,2013,December,12,demonstrations,1,
Sudan,2014,January,1,demonstrations,6,
Sudan,2014,February,2,demonstrations,10,
Sudan,2014,March,3,demonstrations,14,
Sudan,2014,April,4,demonstrations,13,
Sudan,2014,May,5,demonstrations,24,
Sudan,2014,June,6,demonstrations,19,
Sudan,2014,July,7,demonstrations,11,
Sudan,2014,August,8,demonstrations,21,
Sudan,2014,September,9,demonstrations,22,
Sudan,2014,October,10,demonstrations,11,
Sudan,2014,November,11,demonstrations,27,
Sudan,2014,December,12,demonstrations,17,
Sudan,2015,January,1,demonstrations,8,
Sudan,2015,February,2,demonstrations,16,
Sudan,2015,March,3,demonstrations,13,
Sudan,2015,April,4,demonstrations,35,
Sudan,2015,May,5,demonstrations,11,
Sudan,2015,June,6,demonstrations,12,
Sudan,2015,July,7,demonstrations,15,
Sudan,2015,August,8,demonstrations,7,
Sudan,2015,September,9,demonstrations,7,
Sudan,2015,October,10,demonstrations,5,
Sudan,2015,November,11,demonstrations,12,
Sudan,2015,December,12,demonstrations,13,
Sudan,2016,January,1,demonstrations,8,
Sudan,2016,February,2,demonstrations,10,
Sudan,2016,March,3,demonstrations,10,
Sudan,2016,April,4,demonstrations,36,
Sudan,2016,May,5,demonstrations,13,
Sudan,2016,June,6,demonstrations,12,
Sudan,2016,July,7,demonstrations,4,
Sudan,2016,August,8,demonstrations,3,
Sudan,2016,September,9,demonstrations,18,
Sudan,2016,October,10,demonstrations,22,
Sudan,2016,November,11,demonstrations,34,
Sudan,2016,December,12,demonstrations,20,
Sudan,2017,January,1,demonstrations,18,
Sudan,2017,February,2,demonstrations,19,
Sudan,2017,March,3,demonstrations,38,
Sudan,2017,April,4,demonstrations,17,
Sudan,2017,May,5,demonstrations,11,
Sudan,2017,June,6,demonstrations,3,
Sudan,2017,July,7,demonstrations,20,
Sudan,2017,August,8,demonstrations,5,
Sudan,2017,September,9,demonstrations,10,
Sudan,2017,October,10,demonstrations,8,
Sudan,2017,November,11,demonstrations,8,
Sudan,2017,December,12,demonstrations,8,
Sudan,2018,January,1,demonstrations,40,
Sudan,2018,February,2,demonstrations,7,
Sudan,2018,March,3,demonstrations,6,
Sudan,2018,April,4,demonstrations,1,
Sudan,2018,May,5,demonstrations,12,
Sudan,2018,June,6,demonstrations,12,
Sudan,2018,July,7,demonstrations,1,
Sudan,2018,August,8,demonstrations,4,
Sudan,2018,September,9,demonstrations,4,
Sudan,2018,October,10,demonstrations,5,
Sudan,2018,November,11,demonstrations,1,
Sudan,2018,December,12,demonstrations,100,
Sudan,2019,January,1,demonstrations,128,
Sudan,2019,February,2,demonstrations,132,
Sudan,2019,March,3,demonstrations,107,
Sudan,2019,April,4,demonstrations,113,
Sudan,2019,May,5,demonstrations,102,
Sudan,2019,June,6,demonstrations,114,
Sudan,2019,July,7,demonstrations,141,
Sudan,2019,August,8,demonstrations,52,
Sudan,2019,September,9,demonstrations,92,
Sudan,2019,October,10,demonstrations,56,
Sudan,2019,November,11,demonstrations,55,
Sudan,2019,December,12,demonstrations,63,
Sudan,2020,January,1,demonstrations,49,
Sudan,2020,February,2,demonstrations,51,
Sudan,2020,March,3,demonstrations,32,
Sudan,2020,April,4,demonstrations,28,
Sudan,2020,May,5,demonstrations,18,
Sudan,2020,June,6,demonstrations,62,
Sudan,2020,July,7,demonstrations,75,
Sudan,2020,August,8,demonstrations,43,
Sudan,2020,September,9,demonstrations,46,
Sudan,2020,October,10,demonstrations,86,
Sudan,2020,November,11,demonstrations,31,
Sudan,2020,December,12,demonstrations,51,
Sudan,2021,January,1,demonstrations,59,
Sudan,2021,February,2,demonstrations,48,
Sudan,2021,March,3,demonstrations,52,
Sudan,2021,April,4,demonstrations,54,
Sudan,2021,May,5,demonstrations,31,
Sudan,2021,June,6,demonstrations,76,
Sudan,2021,July,7,demonstrations,37,
Sudan,2021,August,8,demonstrations,48,
Sudan,2021,September,9,demonstrations,67,
Sudan,2021,October,10,demonstrations,138,
Sudan,2021,November,11,demonstrations,142,
Sudan,2021,December,12,demonstrations,154,
Sudan,2022,January,1,demonstrations,229,
Sudan,2022,February,2,demonstrations,150,
Sudan,2022,March,3,demonstrations,201,
Sudan,2022,April,4,demonstrations,156,
Sudan,2022,May,5,demonstrations,157,
Sudan,2022,June,6,demonstrations,192,
Sudan,2022,July,7,demonstrations,104,
Sudan,2022,August,8,demonstrations,83,
Sudan,2022,September,9,demonstrations,91,
Sudan,2022,October,10,demonstrations,189,
Sudan,2022,November,11,demonstrations,119,
Sudan,2022,December,12,demonstrations,155,
Sudan,2023,January,1,demonstrations,135,
Sudan,2023,February,2,demonstrations,119,
Sudan,2023,March,3,demonstrations,118,
Sudan,2023,April,4,demonstrations,104,
Sudan,2023,May,5,demonstrations,23,
Sudan,2023,June,6,demonstrations,18,
Sudan,2023,July,7,demonstrations,21,
Sudan,2023,August,8,demonstrations,9,
Sudan,2023,September,9,demonstrations,10,
Sudan,2023,October,10,demonstrations,9,
Sudan,2023,November,11,demonstrations,14,
Sudan,2023,December,12,demonstrations,23,
Sudan,2024,January,1,demonstrations,11,
Sudan,2024,February,2,demonstrations,5,
Sudan,2024,March,3,demonstrations,7,
Sudan,2024,April,4,demonstrations,6,
Sudan,2024,May,5,demonstrations,8,
Sudan,2024,June,6,demonstrations,4,
Sudan,2024,July,7,demonstrations,1,
Sudan,2024,August,8,demonstrations,12,
Sudan,2024,September,9,demonstrations,6,
Sudan,2024,October,10,demonstrations,4,
Sudan,2024,November,11,demonstrations,2,
Sudan,2024,December,12,demonstrations,10,
Sudan,2025,January,1,demonstrations,8,
Sudan,2025,February,2,demonstrations,17,
Sudan,2025,March,3,demonstrations,1,
Sudan,2025,April,4,demonstrations,11,
Sudan,2025,May,5,demonstrations,3,
Sudan,2025,June,6,demonstrations,13,
Sudan,2025,July,7,demonstrations,10,
Sudan,2025,August,8,demonstrations,10,
Sudan,2025,September,9,demonstrations,6,
Sudan,2025,October,10,demonstrations,29,
Sudan,2025,November,11,demonstrations,15,
Sudan,2025,December,12,demonstrations,57,
Sudan,2026,January,1,demonstrations,15,
Sudan,2026,February,2,demonstrations,8,
Sudan,2026,March,3,demonstrations,15,
Sudan,2026,April,4,demonstrations,13,
Sudan,2026,May,5,demonstrations,10,
Sudan,2026,June,6,demonstrations,10,
Sudan,2026,July,7,demonstrations,8,
Sudan,2026,August,8,demonstrations,9,
Sudan,2026,September,9,demonstrations,2,
Sudan,1997,January,1,political_violence,45,1860
Sudan,1997,February,2,political_violence,5,67
Sudan,1997,March,3,political_violence,47,447
Sudan,1997,April,4,political_violence,36,680
Sudan,1997,May,5,political_violence,11,32
Sudan,1997,June,6,political_violence,12,887
Sudan,1997,July,7,political_violence,12,133
Sudan,1997,August,8,political_violence,17,426
Sudan,1997,September,9,political_violence,4,111
Sudan,1997,October,10,political_violence,7,94
Sudan,1997,November,11,political_violence,8,35
Sudan,1997,December,12,political_violence,9,105
Sudan,1998,January,1,political_violence,16,93
Sudan,1998,February,2,political_violence,16,226
Sudan,1998,March,3,political_violence,5,80
Sudan,1998,April,4,political_violence,17,259
Sudan,1998,May,5,political_violence,31,610
Sudan,1998,June,6,political_violence,18,340
Sudan,1998,July,7,political_violence,15,484
Sudan,1998,August,8,political_violence,6,50
Sudan,1998,September,9,political_violence,28,330
Sudan,1998,October,10,political_violence,20,849
Sudan,1998,November,11,political_violence,18,49
Sudan,1998,December,12,political_violence,31,133
Sudan,1999,January,1,political_violence,16,215
Sudan,1999,February,2,political_violence,15,252
Sudan,1999,March,3,political_violence,9,436
Sudan,1999,April,4,political_violence,27,421
Sudan,1999,May,5,political_violence,32,241
Sudan,1999,June,6,political_violence,10,77
Sudan,1999,July,7,political_violence,7,137
Sudan,1999,August,8,political_violence,6,4
Sudan,1999,September,9,political_violence,10,25
Sudan,1999,October,10,political_violence,1,0
Sudan,1999,November,11,political_violence,3,11
Sudan,1999,December,12,political_violence,2,11
Sudan,2000,January,1,political_violence,4,8
Sudan,2000,February,2,political_violence,6,39
Sudan,2000,March,3,political_violence,42,186
Sudan,2000,April,4,political_violence,13,92
Sudan,2000,May,5,political_violence,7,32
Sudan,2000,June,6,political_violence,19,411
Sudan,2000,July,7,political_violence,21,325
Sudan,2000,August,8,political_violence,16,20
Sudan,2000,September,9,political_violence,7,113
Sudan,2000,October,10,political_violence,16,11
Sudan,2000,November,11,political_violence,14,96
Sudan,2000,December,12,political_violence,12,60
Sudan,2001,January,1,political_violence,17,675
Sudan,2001,February,2,political_violence,3,44
Sudan,2001,March,3,political_violence,3,4
Sudan,2001,April,4,political_violence,17,758
Sudan,2001,May,5,political_violence,29,797
Sudan,2001,June,6,political_violence,22,175
Sudan,2001,July,7,political_violence,9,10
Sudan,2001,August,8,political_violence,11,70
Sudan,2001,September,9,political_violence,9,13
Sudan,2001,October,10,political_violence,15,65
Sudan,2001,November,11,political_violence,10,15
Sudan,2001,December,12,political_violence,6,0
Sudan,2002,January,1,political_violence,9,26
Sudan,2002,February,2,political_violence,6,83
Sudan,2002,March,3,political_violence,17,190
Sudan,2002,April,4,political_violence,36,616
Sudan,2002,May,5,political_violence,29,812
Sudan,2002,June,6,political_violence,28,719
Sudan,2002,July,7,political_violence,18,101
Sudan,2002,August,8,political_violence,20,15
Sudan,2002,September,9,political_violence,33,3175
Sudan,2002,October,10,political_violence,20,24
Sudan,2002,November,11,political_violence,7,64
Sudan,2002,December,12,political_violence,7,91
Sudan,2003,January,1,political_violence,8,21
Sudan,2003,February,2,political_violence,6,31
Sudan,2003,March,3,political_violence,10,265
Sudan,2003,April,4,political_violence,8,298
Sudan,2003,May,5,political_violence,15,620
Sudan,2003,June,6,political_violence,5,10
Sudan,2003,July,7,political_violence,34,1957
Sudan,2003,August,8,political_violence,17,1900
Sudan,2003,September,9,political_violence,11,192
Sudan,2003,October,10,political_violence,18,348
Sudan,2003,November,11,political_violence,38,699
Sudan,2003,December,12,political_violence,22,1715
Sudan,2004,January,1,political_violence,53,4500
Sudan,2004,February,2,political_violence,45,819
Sudan,2004,March,3,political_violence,51,1143
Sudan,2004,April,4,political_violence,27,268
Sudan,2004,May,5,political_violence,33,632
Sudan,2004,June,6,political_violence,35,620
Sudan,2004,July,7,political_violence,71,1362
Sudan,2004,August,8,political_violence,41,358
Sudan,2004,September,9,political_violence,31,378
Sudan,2004,October,10,political_violence,39,136
Sudan,2004,November,11,political_violence,52,396
Sudan,2004,December,12,political_violence,51,181
Sudan,2005,January,1,political_violence,38,378
Sudan,2005,February,2,political_violence,30,66
Sudan,2005,March,3,political_violence,33,26
Sudan,2005,April,4,political_violence,27,157
Sudan,2005,May,5,political_violence,19,43
Sudan,2005,June,6,political_violence,20,39
Sudan,2005,July,7,political_violence,18,47
Sudan,2005,August,8,political_violence,20,207
Sudan,2005,September,9,political_violence,40,302
Sudan,2005,October,10,political_violence,17,106
Sudan,2005,November,11,political_violence,24,205
Sudan,2005,December,12,political_violence,16,125
Sudan,2006,January,1,political_violence,16,103
Sudan,2006,February,2,political_violence,11,25
Sudan,2006,March,3,political_violence,11,61
Sudan,2006,April,4,political_violence,7,23
Sudan,2006,May,5,political_violence,8,126
Sudan,2006,June,6,political_violence,13,30
Sudan,2006,July,7,political_violence,15,151
Sudan,2006,August,8,political_violence,12,14
Sudan,2006,September,9,political_violence,10,2
Sudan,2006,October,10,political_violence,22,288
Sudan,2006,November,11,political_violence,34,294
Sudan,2006,December,12,political_violence,21,360
Sudan,2007,January,1,political_violence,15,110
Sudan,2007,February,2,political_violence,12,111
Sudan,2007,March,3,political_violence,8,134
Sudan,2007,April,4,political_violence,20,200
Sudan,2007,May,5,political_violence,8,164
Sudan,2007,June,6,political_violence,3,28
Sudan,2007,July,7,political_violence,2,400
Sudan,2007,August,8,political_violence,12,418
Sudan,2007,September,9,political_violence,14,207
Sudan,2007,October,10,political_violence,19,193
Sudan,2007,November,11,political_violence,4,5
Sudan,2007,December,12,political_violence,10,99
Sudan,2008,January,1,political_violence,20,10
Sudan,2008,February,2,political_violence,33,399
Sudan,2008,March,3,political_violence,25,25
Sudan,2008,April,4,political_violence,34,126
Sudan,2008,May,5,political_violence,40,282
Sudan,2008,June,6,political_violence,23,64
Sudan,2008,July,7,political_violence,27,251
Sudan,2008,August,8,political_violence,22,348
Sudan,2008,September,9,political_violence,24,103
Sudan,2008,October,10,political_violence,7,23
Sudan,2008,November,11,political_violence,10,40
Sudan,2008,December,12,political_violence,13,393
Sudan,2009,January,1,political_violence,49,224
Sudan,2009,February,2,political_violence,31,19
Sudan,2009,March,3,political_violence,29,46
Sudan,2009,April,4,political_violence,12,25
Sudan,2009,May,5,political_violence,23,321
Sudan,2009,June,6,political_violence,7,12
Sudan,2009,July,7,political_violence,16,9
Sudan,2009,August,8,political_violence,22,63
Sudan,2009,September,9,political_violence,13,19
Sudan,2009,October,10,political_violence,34,133
Sudan,2009,November,11,political_violence,12,93
Sudan,2009,December,12,political_violence,16,39
Sudan,2010,January,1,political_violence,9,235
Sudan,2010,February,2,political_violence,19,294
Sudan,2010,March,3,political_violence,16,31
Sudan,2010,April,4,political_violence,18,185
Sudan,2010,May,5,political_violence,25,226
Sudan,2010,June,6,political_violence,34,126
Sudan,2010,July,7,political_violence,19,39
Sudan,2010,August,8,political_violence,11,77
Sudan,2010,September,9,political_violence,16,137
Sudan,2010,October,10,political_violence,11,14
Sudan,2010,November,11,political_violence,16,101
Sudan,2010,December,12,political_violence,22,62
Sudan,2011,January,1,political_violence,23,184
Sudan,2011,February,2,political_violence,18,159
Sudan,2011,March,3,political_violence,20,226
Sudan,2011,April,4,political_violence,25,398
Sudan,2011,May,5,political_violence,33,595
Sudan,2011,June,6,political_violence,29,658
Sudan,2011,July,7,political_violence,2,3
Sudan,2011,August,8,political_violence,5,11
Sudan,2011,September,9,political_violence,25,185
Sudan,2011,October,10,political_violence,7,104
Sudan,2011,November,11,political_violence,9,14
Sudan,2011,December,12,political_violence,21,55
Sudan,2012,January,1,political_violence,14,46
Sudan,2012,February,2,political_violence,14,97
Sudan,2012,March,3,political_violence,18,246
Sudan,2012,April,4,political_violence,14,74
Sudan,2012,May,5,political_violence,29,88
Sudan,2012,June,6,political_violence,40,108
Sudan,2012,July,7,political_violence,57,180
Sudan,2012,August,8,political_violence,52,65
Sudan,2012,September,9,political_violence,80,402
Sudan,2012,October,10,political_violence,83,205
Sudan,2012,November,11,political_violence,85,389
Sudan,2012,December,12,political_violence,85,369
Sudan,2013,January,1,political_violence,73,529
Sudan,2013,February,2,political_violence,47,516
Sudan,2013,March,3,political_violence,65,609
Sudan,2013,April,4,political_violence,90,584
Sudan,2013,May,5,political_violence,82,1376
Sudan,2013,June,6,political_violence,67,428
Sudan,2013,July,7,political_violence,52,462
Sudan,2013,August,8,political_violence,58,338
Sudan,2013,September,9,political_violence,72,405
Sudan,2013,October,10,political_violence,94,277
Sudan,2013,November,11,political_violence,84,772
Sudan,2013,December,12,political_violence,64,380
Sudan,2014,January,1,political_violence,84,461
Sudan,2014,February,2,political_violence,72,224
Sudan,2014,March,3,political_violence,128,1045
Sudan,2014,April,4,political_violence,75,207
Sudan,2014,May,5,political_violence,123,278
Sudan,2014,June,6,political_violence,115,608
Sudan,2014,July,7,political_violence,91,277
Sudan,2014,August,8,political_violence,75,303
Sudan,2014,September,9,political_violence,59,90
Sudan,2014,October,10,political_violence,80,154
Sudan,2014,November,11,political_violence,61,247
Sudan,2014,December,12,political_violence,114,270
Sudan,2015,January,1,political_violence,174,618
Sudan,2015,February,2,political_violence,103,249
Sudan,2015,March,3,political_violence,112,616
Sudan,2015,April,4,political_violence,142,369
Sudan,2015,May,5,political_violence,121,318
Sudan,2015,June,6,political_violence,99,291
Sudan,2015,July,7,political_violence,91,327
Sudan,2015,August,8,political_violence,58,108
Sudan,2015,September,9,political_violence,65,259
Sudan,2015,October,10,political_violence,68,90
Sudan,2015,November,11,political_violence,70,86
Sudan,2015,December,12,political_violence,85,164
Sudan,2016,January,1,political_violence,149,420
Sudan,2016,February,2,political_violence,107,650
Sudan,2016,March,3,political_violence,108,445
Sudan,2016,April,4,political_violence,132,1080
Sudan,2016,May,5,political_violence,98,272
Sudan,2016,June,6,political_violence,111,138
Sudan,2016,July,7,political_violence,62,296
Sudan,2016,August,8,political_violence,94,103
Sudan,2016,September,9,political_violence,97,227
Sudan,2016,October,10,political_violence,77,77
Sudan,2016,November,11,political_violence,89,122
Sudan,2016,December,12,political_violence,66,59
Sudan,2017,January,1,political_violence,58,51
Sudan,2017,February,2,political_violence,58,108
Sudan,2017,March,3,political_violence,44,70
Sudan,2017,April,4,political_violence,55,169
Sudan,2017,May,5,political_violence,61,393
Sudan,2017,June,6,political_violence,63,124
Sudan,2017,July,7,political_violence,44,96
Sudan,2017,August,8,political_violence,38,50
Sudan,2017,September,9,political_violence,39,53
Sudan,2017,October,10,political_violence,65,83
Sudan,2017,November,11,political_violence,39,61
Sudan,2017,December,12,political_violence,30,33
Sudan,2018,January,1,political_violence,29,20
Sudan,2018,February,2,political_violence,30,87
Sudan,2018,March,3,political_violence,55,92
Sudan,2018,April,4,political_violence,45,104
Sudan,2018,May,5,political_violence,38,97
Sudan,2018,June,6,political_violence,61,236
Sudan,2018,July,7,political_violence,52,111
Sudan,2018,August,8,political_violence,19,24
Sudan,2018,September,9,political_violence,46,54
Sudan,2018,October,10,political_violence,53,88
Sudan,2018,November,11,political_violence,41,66
Sudan,2018,December,12,political_violence,33,54
Sudan,2019,January,1,political_violence,49,68
Sudan,2019,February,2,political_violence,29,36
Sudan,2019,March,3,political_violence,43,58
Sudan,2019,April,4,political_violence,33,63
Sudan,2019,May,5,political_violence,31,33
Sudan,2019,June,6,political_violence,45,174
Sudan,2019,July,7,political_violence,40,59
Sudan,2019,August,8,political_violence,28,56
Sudan,2019,September,9,political_violence,17,24
Sudan,2019,October,10,political_violence,40,21
Sudan,2019,November,11,political_violence,54,44
Sudan,2019,December,12,political_violence,52,106
Sudan,2020,January,1,political_violence,37,89
Sudan,2020,February,2,political_violence,21,12
Sudan,2020,March,3,political_violence,25,44
Sudan,2020,April,4,political_violence,35,60
Sudan,2020,May,5,political_violence,52,141
Sudan,2020,June,6,political_violence,52,135
Sudan,2020,July,7,political_violence,54,233
Sudan,2020,August,8,political_violence,32,87
Sudan,2020,September,9,political_violence,21,23
Sudan,2020,October,10,political_violence,29,48
Sudan,2020,November,11,political_violence,22,15
Sudan,2020,December,12,political_violence,55,61
Sudan,2021,January,1,political_violence,68,293
Sudan,2021,February,2,political_violence,50,106
Sudan,2021,March,3,political_violence,46,64
Sudan,2021,April,4,political_violence,46,205
Sudan,2021,May,5,political_violence,52,99
Sudan,2021,June,6,political_violence,58,137
Sudan,2021,July,7,political_violence,84,174
Sudan,2021,August,8,political_violence,51,66
Sudan,2021,September,9,political_violence,44,43
Sudan,2021,October,10,political_violence,49,78
Sudan,2021,November,11,political_violence,63,184
Sudan,2021,December,12,political_violence,72,185
Sudan,2022,January,1,political_violence,74,65
Sudan,2022,February,2,political_violence,66,80
Sudan,2022,March,3,political_violence,88,188
Sudan,2022,April,4,political_violence,50,325
Sudan,2022,May,5,political_violence,95,93
Sudan,2022,June,6,political_violence,105,275
Sudan,2022,July,7,political_violence,80,218
Sudan,2022,August,8,political_violence,53,95
Sudan,2022,September,9,political_violence,57,74
Sudan,2022,October,10,political_violence,78,437
Sudan,2022,November,11,political_violence,82,153
Sudan,2022,December,12,political_violence,81,126
Sudan,2023,January,1,political_violence,81,70
Sudan,2023,February,2,political_violence,81,57
Sudan,2023,March,3,political_violence,52,76
Sudan,2023,April,4,political_violence,396,1263
Sudan,2023,May,5,political_violence,444,1679
Sudan,2023,June,6,political_violence,440,2486
Sudan,2023,July,7,political_violence,541,1488
Sudan,2023,August,8,political_violence,677,1850
Sudan,2023,September,9,political_violence,568,1289
Sudan,2023,October,10,political_violence,553,1303
Sudan,2023,November,11,political_violence,476,2587
Sudan,2023,December,12,political_violence,577,771
Sudan,2024,January,1,political_violence,632,972
Sudan,2024,February,2,political_violence,506,992
Sudan,2024,March,3,political_violence,399,803
Sudan,2024,April,4,political_violence,475,915
Sudan,2024,May,5,political_violence,411,1006
Sudan,2024,June,6,political_violence,392,1270
Sudan,2024,July,7,political_violence,355,896
Sudan,2024,August,8,political_violence,491,884
Sudan,2024,September,9,political_violence,581,1299
Sudan,2024,October,10,political_violence,710,2529
Sudan,2024,November,11,political_violence,503,1557
Sudan,2024,December,12,political_violence,520,1863
Sudan,2025,January,1,political_violence,542,2019
Sudan,2025,February,2,political_violence,531,1737
Sudan,2025,March,3,political_violence,437,1543
Sudan,2025,April,4,political_violence,314,2077
Sudan,2025,May,5,political_violence,370,1250
Sudan,2025,June,6,political_violence,294,1407
Sudan,2025,July,7,political_violence,220,998
Sudan,2025,August,8,political_violence,240,944
Sudan,2025,September,9,political_violence,216,968
Sudan,2025,October,10,political_violence,270,3700
Sudan,2025,November,11,political_violence,246,802
Sudan,2025,December,12,political_violence,258,1339
Sudan,2026,January,1,political_violence,299,1123
Sudan,2026,February,2,political_violence,217,893
Sudan,2026,March,3,political_violence,245,1238
Sudan,2026,April,4,political_violence,212,622
Sudan,2026,May,5,political_violence,253,808
Sudan,2026,June,6,political_violence,208,515
Sudan,2026,July,7,political_violence,350,769
Sudan,2026,August,8,political_violence,259,876
Sudan,2026,September,9,political_violence,25,70
Thailand,2010,January,1,civilian_targeting,28,29
Thailand,2010,February,2,civilian_targeting,30,20
Thailand,2010,March,3,civilian_targeting,34,17
Thailand,2010,April,4,civilian_targeting,34,19
Thailand,2010,May,5,civilian_targeting,34,25
Thailand,2010,June,6,civilian_targeting,26,11
Thailand,2010,July,7,civilian_targeting,16,11
Thailand,2010,August,8,civilian_targeting,22,20
Thailand,2010,September,9,civilian_targeting,28,31
Thailand,2010,October,10,civilian_targeting,40,24
Thailand,2010,November,11,civilian_targeting,11,13
Thailand,2010,December,12,civilian_targeting,15,16
Thailand,2011,January,1,civilian_targeting,19,23
Thailand,2011,February,2,civilian_targeting,23,28
Thailand,2011,March,3,civilian_targeting,23,22
Thailand,2011,April,4,civilian_targeting,14,5
Thailand,2011,May,5,civilian_targeting,23,17
Thailand,2011,June,6,civilian_targeting,19,12
Thailand,2011,July,7,civilian_targeting,24,13
Thailand,2011,August,8,civilian_targeting,33,28
Thailand,2011,September,9,civilian_targeting,18,20
Thailand,2011,October,10,civilian_targeting,21,27
Thailand,2011,November,11,civilian_targeting,19,18
Thailand,2011,December,12,civilian_targeting,22,14
Thailand,2012,January,1,civilian_targeting,19,17
Thailand,2012,February,2,civilian_targeting,18,20
Thailand,2012,March,3,civilian_targeting,19,25
Thailand,2012,April,4,civilian_targeting,18,13
Thailand,2012,May,5,civilian_targeting,7,3
Thailand,2012,June,6,civilian_targeting,15,10
Thailand,2012,July,7,civilian_targeting,25,15
Thailand,2012,August,8,civilian_targeting,18,8
Thailand,2012,September,9,civilian_targeting,21,13
Thailand,2012,October,10,civilian_targeting,28,24
Thailand,2012,November,11,civilian_targeting,24,28
Thailand,2012,December,12,civilian_targeting,16,17
Thailand,2013,January,1,civilian_targeting,20,17
Thailand,2013,February,2,civilian_targeting,17,12
Thailand,2013,March,3,civilian_targeting,15,10
Thailand,2013,April,4,civilian_targeting,22,18
Thailand,2013,May,5,civilian_targeting,21,29
Thailand,2013,June,6,civilian_targeting,19,7
Thailand,2013,July,7,civilian_targeting,23,22
Thailand,2013,August,8,civilian_targeting,27,14
Thailand,2013,September,9,civilian_targeting,8,5
Thailand,2013,October,10,civilian_targeting,17,12
Thailand,2013,November,11,civilian_targeting,14,12
Thailand,2013,December,12,civilian_targeting,34,20
Thailand,2014,January,1,civilian_targeting,45,27
Thailand,2014,February,2,civilian_targeting,55,35
Thailand,2014,March,3,civilian_targeting,44,43
Thailand,2014,April,4,civilian_targeting,36,28
Thailand,2014,May,5,civilian_targeting,35,20
Thailand,2014,June,6,civilian_targeting,25,20
Thailand,2014,July,7,civilian_targeting,26,19
Thailand,2014,August,8,civilian_targeting,14,8
Thailand,2014,September,9,civilian_targeting,19,14
Thailand,2014,October,10,civilian_targeting,11,7
Thailand,2014,November,11,civilian_targeting,24,26
Thailand,2014,December,12,civilian_targeting,18,13
Thailand,2015,January,1,civilian_targeting,13,9
Thailand,2015,February,2,civilian_targeting,16,4
Thailand,2015,March,3,civilian_targeting,11,7
Thailand,2015,April,4,civilian_targeting,23,20
Thailand,2015,May,5,civilian_targeting,18,11
Thailand,2015,June,6,civilian_targeting,8,4
Thailand,2015,July,7,civilian_targeting,23,17
Thailand,2015,August,8,civilian_targeting,19,30
Thailand,2015,September,9,civilian_targeting,11,8
Thailand,2015,October,10,civilian_targeting,25,16
Thailand,2015,November,11,civilian_targeting,9,3
Thailand,2015,December,12,civilian_targeting,7,4
Thailand,2016,January,1,civilian_targeting,14,11
Thailand,2016,February,2,civilian_targeting,24,17
Thailand,2016,March,3,civilian_targeting,22,13
Thailand,2016,April,4,civilian_targeting,21,21
Thailand,2016,May,5,civilian_targeting,17,6
Thailand,2016,June,6,civilian_targeting,18,8
Thailand,2016,July,7,civilian_targeting,18,13
Thailand,2016,August,8,civilian_targeting,19,16
Thailand,2016,September,9,civilian_targeting,13,10
Thailand,2016,October,10,civilian_targeting,19,15
Thailand,2016,November,11,civilian_targeting,18,11
Thailand,2016,December,12,civilian_targeting,8,7
Thailand,2017,January,1,civilian_targeting,10,9
Thailand,2017,February,2,civilian_targeting,10,7
Thailand,2017,March,3,civilian_targeting,9,10
Thailand,2017,April,4,civilian_targeting,4,0
Thailand,2017,May,5,civilian_targeting,16,10
Thailand,2017,June,6,civilian_targeting,14,15
Thailand,2017,July,7,civilian_targeting,14,9
Thailand,2017,August,8,civilian_targeting,6,3
Thailand,2017,September,9,civilian_targeting,7,4
Thailand,2017,October,10,civilian_targeting,7,5
Thailand,2017,November,11,civilian_targeting,2,1
Thailand,2017,December,12,civilian_targeting,3,0
Thailand,2018,January,1,civilian_targeting,7,5
Thailand,2018,February,2,civilian_targeting,12,4
Thailand,2018,March,3,civilian_targeting,5,3
Thailand,2018,April,4,civilian_targeting,8,5
Thailand,2018,May,5,civilian_targeting,11,5
Thailand,2018,June,6,civilian_targeting,10,12
Thailand,2018,July,7,civilian_targeting,7,2
Thailand,2018,August,8,civilian_targeting,13,9
Thailand,2018,September,9,civilian_targeting,6,6
Thailand,2018,October,10,civilian_targeting,7,4
Thailand,2018,November,11,civilian_targeting,3,3
Thailand,2018,December,12,civilian_targeting,10,9
Thailand,2019,January,1,civilian_targeting,11,8
Thailand,2019,February,2,civilian_targeting,12,9
Thailand,2019,March,3,civilian_targeting,18,7
Thailand,2019,April,4,civilian_targeting,12,11
Thailand,2019,May,5,civilian_targeting,15,4
Thailand,2019,June,6,civilian_targeting,15,11
Thailand,2019,July,7,civilian_targeting,12,10
Thailand,2019,August,8,civilian_targeting,12,5
Thailand,2019,September,9,civilian_targeting,7,4
Thailand,2019,October,10,civilian_targeting,5,3
Thailand,2019,November,11,civilian_targeting,3,3
Thailand,2019,December,12,civilian_targeting,16,9
Thailand,2020,January,1,civilian_targeting,8,9
Thailand,2020,February,2,civilian_targeting,6,6
Thailand,2020,March,3,civilian_targeting,6,5
Thailand,2020,April,4,civilian_targeting,3,4
Thailand,2020,May,5,civilian_targeting,2,2
Thailand,2020,June,6,civilian_targeting,6,3
Thailand,2020,July,7,civilian_targeting,1,0
Thailand,2020,August,8,civilian_targeting,1,0
Thailand,2020,September,9,civilian_targeting,4,2
Thailand,2020,October,10,civilian_targeting,6,1
Thailand,2020,November,11,civilian_targeting,10,3
Thailand,2020,December,12,civilian_targeting,9,6
Thailand,2021,January,1,civilian_targeting,6,2
Thailand,2021,February,2,civilian_targeting,8,3
Thailand,2021,March,3,civilian_targeting,8,5
Thailand,2021,April,4,civilian_targeting,4,4
Thailand,2021,May,5,civilian_targeting,4,1
Thailand,2021,June,6,civilian_targeting,3,3
Thailand,2021,July,7,civilian_targeting,2,1
Thailand,2021,August,8,civilian_targeting,8,4
Thailand,2021,September,9,civilian_targeting,2,0
Thailand,2021,October,10,civilian_targeting,2,0
Thailand,2021,November,11,civilian_targeting,5,0
Thailand,2021,December,12,civilian_targeting,3,2
Thailand,2022,January,1,civilian_targeting,4,0
Thailand,2022,February,2,civilian_targeting,1,0
Thailand,2022,March,3,civilian_targeting,1,0
Thailand,2022,April,4,civilian_targeting,2,2
Thailand,2022,May,5,civilian_targeting,0,0
Thailand,2022,June,6,civilian_targeting,0,0
Thailand,2022,July,7,civilian_targeting,1,0
Thailand,2022,August,8,civilian_targeting,7,3
Thailand,2022,September,9,civilian_targeting,1,2
Thailand,2022,October,10,civilian_targeting,3,1
Thailand,2022,November,11,civilian_targeting,2,0
Thailand,2022,December,12,civilian_targeting,4,3
Thailand,2023,January,1,civilian_targeting,2,0
Thailand,2023,February,2,civilian_targeting,1,1
Thailand,2023,March,3,civilian_targeting,1,0
Thailand,2023,April,4,civilian_targeting,3,1
Thailand,2023,May,5,civilian_targeting,1,1
Thailand,2023,June,6,civilian_targeting,3,3
Thailand,2023,July,7,civilian_targeting,1,1
Thailand,2023,August,8,civilian_targeting,3,3
Thailand,2023,September,9,civilian_targeting,0,0
Thailand,2023,October,10,civilian_targeting,12,1
Thailand,2023,November,11,civilian_targeting,2,0
Thailand,2023,December,12,civilian_targeting,2,0
Thailand,2024,January,1,civilian_targeting,1,1
Thailand,2024,February,2,civilian_targeting,1,0
Thailand,2024,March,3,civilian_targeting,3,2
Thailand,2024,April,4,civilian_targeting,4,1
Thailand,2024,May,5,civilian_targeting,1,0
Thailand,2024,June,6,civilian_targeting,3,4
Thailand,2024,July,7,civilian_targeting,2,2
Thailand,2024,August,8,civilian_targeting,2,0
Thailand,2024,September,9,civilian_targeting,0,0
Thailand,2024,October,10,civilian_targeting,1,1
Thailand,2024,November,11,civilian_targeting,4,2
Thailand,2024,December,12,civilian_targeting,3,3
Thailand,2025,January,1,civilian_targeting,1,1
Thailand,2025,February,2,civilian_targeting,1,0
Thailand,2025,March,3,civilian_targeting,5,2
Thailand,2025,April,4,civilian_targeting,6,4
Thailand,2025,May,5,civilian_targeting,4,5
Thailand,2025,June,6,civilian_targeting,2,1
Thailand,2025,July,7,civilian_targeting,8,14
Thailand,2025,August,8,civilian_targeting,2,1
Thailand,2025,September,9,civilian_targeting,4,2
Thailand,2025,October,10,civilian_targeting,6,3
Thailand,2025,November,11,civilian_targeting,3,1
Thailand,2025,December,12,civilian_targeting,6,2
Thailand,2026,January,1,civilian_targeting,0,0
Thailand,2026,February,2,civilian_targeting,6,0
Thailand,2026,March,3,civilian_targeting,5,2
Thailand,2026,April,4,civilian_targeting,5,4
Thailand,2026,May,5,civilian_targeting,5,3
Thailand,2026,June,6,civilian_targeting,4,0
Thailand,2026,July,7,civilian_targeting,4,2
Thailand,2026,August,8,civilian_targeting,3,1
Thailand,2026,September,9,civilian_targeting,0,0
Thailand,2010,January,1,demonstrations,16,
Thailand,2010,February,2,demonstrations,34,
Thailand,2010,March,3,demonstrations,35,
Thailand,2010,April,4,demonstrations,52,
Thailand,2010,May,5,demonstrations,13,
Thailand,2010,June,6,demonstrations,2,
Thailand,2010,July,7,demonstrations,10,
Thailand,2010,August,8,demonstrations,10,
Thailand,2010,September,9,demonstrations,16,
Thailand,2010,October,10,demonstrations,9,
Thailand,2010,November,11,demonstrations,10,
Thailand,2010,December,12,demonstrations,10,
Thailand,2011,January,1,demonstrations,14,
Thailand,2011,February,2,demonstrations,12,
Thailand,2011,March,3,demonstrations,13,
Thailand,2011,April,4,demonstrations,6,
Thailand,2011,May,5,demonstrations,7,
Thailand,2011,June,6,demonstrations,3,
Thailand,2011,July,7,demonstrations,8,
Thailand,2011,August,8,demonstrations,7,
Thailand,2011,September,9,demonstrations,11,
Thailand,2011,October,10,demonstrations,2,
Thailand,2011,November,11,demonstrations,14,
Thailand,2011,December,12,demonstrations,6,
Thailand,2012,January,1,demonstrations,10,
Thailand,2012,February,2,demonstrations,7,
Thailand,2012,March,3,demonstrations,18,
Thailand,2012,April,4,demonstrations,12,
Thailand,2012,May,5,demonstrations,16,
Thailand,2012,June,6,demonstrations,9,
Thailand,2012,July,7,demonstrations,8,
Thailand,2012,August,8,demonstrations,6,
Thailand,2012,September,9,demonstrations,12,
Thailand,2012,October,10,demonstrations,5,
Thailand,2012,November,11,demonstrations,8,
Thailand,2012,December,12,demonstrations,8,
Thailand,2013,January,1,demonstrations,10,
Thailand,2013,February,2,demonstrations,3,
Thailand,2013,March,3,demonstrations,8,
Thailand,2013,April,4,demonstrations,15,
Thailand,2013,May,5,demonstrations,29,
Thailand,2013,June,6,demonstrations,20,
Thailand,2013,July,7,demonstrations,6,
Thailand,2013,August,8,demonstrations,23,
Thailand,2013,September,9,demonstrations,31,
Thailand,2013,October,10,demonstrations,31,
Thailand,2013,November,11,demonstrations,73,
Thailand,2013,December,12,demonstrations,66,
Thailand,2014,January,1,demonstrations,135,
Thailand,2014,February,2,demonstrations,84,
Thailand,2014,March,3,demonstrations,52,
Thailand,2014,April,4,demonstrations,30,
Thailand,2014,May,5,demonstrations,46,
Thailand,2014,June,6,demonstrations,6,
Thailand,2014,July,7,demonstrations,8,
Thailand,2014,August,8,demonstrations,6,
Thailand,2014,September,9,demonstrations,5,
Thailand,2014,October,10,demonstrations,9,
Thailand,2014,November,11,demonstrations,13,
Thailand,2014,December,12,demonstrations,18,
Thailand,2015,January,1,demonstrations,14,
Thailand,2015,February,2,demonstrations,17,
Thailand,2015,March,3,demonstrations,14,
Thailand,2015,April,4,demonstrations,10,
Thailand,2015,May,5,demonstrations,6,
Thailand,2015,June,6,demonstrations,21,
Thailand,2015,July,7,demonstrations,22,
Thailand,2015,August,8,demonstrations,10,
Thailand,2015,September,9,demonstrations,23,
Thailand,2015,October,10,demonstrations,18,
Thailand,2015,November,11,demonstrations,14,
Thailand,2015,December,12,demonstrations,18,
Thailand,2016,January,1,demonstrations,12,
Thailand,2016,February,2,demonstrations,17,
Thailand,2016,March,3,demonstrations,8,
Thailand,2016,April,4,demonstrations,10,
Thailand,2016,May,5,demonstrations,14,
Thailand,2016,June,6,demonstrations,15,
Thailand,2016,July,7,demonstrations,7,
Thailand,2016,August,8,demonstrations,6,
Thailand,2016,September,9,demonstrations,10,
Thailand,2016,October,10,demonstrations,1,
Thailand,2016,November,11,demonstrations,12,
Thailand,2016,December,12,demonstrations,7,
Thailand,2017,January,1,demonstrations,13,
Thailand,2017,February,2,demonstrations,33,
Thailand,2017,March,3,demonstrations,11,
Thailand,2017,April,4,demonstrations,15,
Thailand,2017,May,5,demonstrations,8,
Thailand,2017,June,6,demonstrations,12,
Thailand,2017,July,7,demonstrations,4,
Thailand,2017,August,8,demonstrations,8,
Thailand,2017,September,9,demonstrations,17,
Thailand,2017,October,10,demonstrations,10,
Thailand,2017,November,11,demonstrations,15,
Thailand,2017,December,12,demonstrations,15,
Thailand,2018,January,1,demonstrations,17,
Thailand,2018,February,2,demonstrations,19,
Thailand,2018,March,3,demonstrations,15,
Thailand,2018,April,4,demonstrations,12,
Thailand,2018,May,5,demonstrations,33,
Thailand,2018,June,6,demonstrations,13,
Thailand,2018,July,7,demonstrations,5,
Thailand,2018,August,8,demonstrations,12,
Thailand,2018,September,9,demonstrations,13,
Thailand,2018,October,10,demonstrations,11,
Thailand,2018,November,11,demonstrations,7,
Thailand,2018,December,12,demonstrations,10,
Thailand,2019,January,1,demonstrations,30,
Thailand,2019,February,2,demonstrations,15,
Thailand,2019,March,3,demonstrations,12,
Thailand,2019,April,4,demonstrations,8,
Thailand,2019,May,5,demonstrations,11,
Thailand,2019,June,6,demonstrations,11,
Thailand,2019,July,7,demonstrations,14,
Thailand,2019,August,8,demonstrations,15,
Thailand,2019,September,9,demonstrations,14,
Thailand,2019,October,10,demonstrations,24,
Thailand,2019,November,11,demonstrations,21,
Thailand,2019,December,12,demonstrations,14,
Thailand,2020,January,1,demonstrations,25,
Thailand,2020,February,2,demonstrations,45,
Thailand,2020,March,3,demonstrations,30,
Thailand,2020,April,4,demonstrations,5,
Thailand,2020,May,5,demonstrations,16,
Thailand,2020,June,6,demonstrations,21,
Thailand,2020,July,7,demonstrations,70,
Thailand,2020,August,8,demonstrations,104,
Thailand,2020,September,9,demonstrations,50,
Thailand,2020,October,10,demonstrations,322,
Thailand,2020,November,11,demonstrations,96,
Thailand,2020,December,12,demonstrations,44,
Thailand,2021,January,1,demonstrations,33,
Thailand,2021,February,2,demonstrations,76,
Thailand,2021,March,3,demonstrations,73,
Thailand,2021,April,4,demonstrations,179,
Thailand,2021,May,5,demonstrations,109,
Thailand,2021,June,6,demonstrations,72,
Thailand,2021,July,7,demonstrations,55,
Thailand,2021,August,8,demonstrations,111,
Thailand,2021,September,9,demonstrations,83,
Thailand,2021,October,10,demonstrations,68,
Thailand,2021,November,11,demonstrations,39,
Thailand,2021,December,12,demonstrations,41,
Thailand,2022,January,1,demonstrations,28,
Thailand,2022,February,2,demonstrations,30,
Thailand,2022,March,3,demonstrations,38,
Thailand,2022,April,4,demonstrations,19,
Thailand,2022,May,5,demonstrations,33,
Thailand,2022,June,6,demonstrations,25,
Thailand,2022,July,7,demonstrations,36,
Thailand,2022,August,8,demonstrations,28,
Thailand,2022,September,9,demonstrations,26,
Thailand,2022,October,10,demonstrations,20,
Thailand,2022,November,11,demonstrations,42,
Thailand,2022,December,12,demonstrations,15,
Thailand,2023,January,1,demonstrations,46,
Thailand,2023,February,2,demonstrations,32,
Thailand,2023,March,3,demonstrations,13,
Thailand,2023,April,4,demonstrations,17,
Thailand,2023,May,5,demonstrations,20,
Thailand,2023,June,6,demonstrations,16,
Thailand,2023,July,7,demonstrations,49,
Thailand,2023,August,8,demonstrations,29,
Thailand,2023,September,9,demonstrations,12,
Thailand,2023,October,10,demonstrations,55,
Thailand,2023,November,11,demonstrations,21,
Thailand,2023,December,12,demonstrations,12,
Thailand,2024,January,1,demonstrations,12,
Thailand,2024,February,2,demonstrations,45,
Thailand,2024,March,3,demonstrations,17,
Thailand,2024,April,4,demonstrations,7,
Thailand,2024,May,5,demonstrations,15,
Thailand,2024,June,6,demonstrations,36,
Thailand,2024,July,7,demonstrations,9,
Thailand,2024,August,8,demonstrations,8,
Thailand,2024,September,9,demonstrations,8,
Thailand,2024,October,10,demonstrations,15,
Thailand,2024,November,11,demonstrations,4,
Thailand,2024,December,12,demonstrations,8,
Thailand,2025,January,1,demonstrations,4,
Thailand,2025,February,2,demonstrations,10,
Thailand,2025,March,3,demonstrations,12,
Thailand,2025,April,4,demonstrations,10,
Thailand,2025,May,5,demonstrations,11,
Thailand,2025,June,6,demonstrations,9,
Thailand,2025,July,7,demonstrations,6,
Thailand,2025,August,8,demonstrations,9,
Thailand,2025,September,9,demonstrations,10,
Thailand,2025,October,10,demonstrations,9,
Thailand,2025,November,11,demonstrations,5,
Thailand,2025,December,12,demonstrations,3,
Thailand,2026,January,1,demonstrations,4,
Thailand,2026,February,2,demonstrations,21,
Thailand,2026,March,3,demonstrations,12,
Thailand,2026,April,4,demonstrations,7,
Thailand,2026,May,5,demonstrations,13,
Thailand,2026,June,6,demonstrations,13,
Thailand,2026,July,7,demonstrations,9,
Thailand,2026,August,8,demonstrations,10,
Thailand,2026,September,9,demonstrations,2,
Thailand,2010,January,1,political_violence,60,35
Thailand,2010,February,2,political_violence,61,36
Thailand,2010,March,3,political_violence,81,31
Thailand,2010,April,4,political_violence,88,50
Thailand,2010,May,5,political_violence,70,78
Thailand,2010,June,6,political_violence,75,15
Thailand,2010,July,7,political_violence,55,33
Thailand,2010,August,8,political_violence,53,37
Thailand,2010,September,9,political_violence,79,38
Thailand,2010,October,10,political_violence,80,43
Thailand,2010,November,11,political_violence,30,19
Thailand,2010,December,12,political_violence,53,28
Thailand,2011,January,1,political_violence,58,41
Thailand,2011,February,2,political_violence,61,41
Thailand,2011,March,3,political_violence,55,34
Thailand,2011,April,4,political_violence,49,23
Thailand,2011,May,5,political_violence,63,44
Thailand,2011,June,6,political_violence,46,27
Thailand,2011,July,7,political_violence,65,21
Thailand,2011,August,8,political_violence,68,42
Thailand,2011,September,9,political_violence,37,34
Thailand,2011,October,10,political_violence,74,35
Thailand,2011,November,11,political_violence,58,21
Thailand,2011,December,12,political_violence,63,26
Thailand,2012,January,1,political_violence,43,31
Thailand,2012,February,2,political_violence,41,30
Thailand,2012,March,3,political_violence,58,52
Thailand,2012,April,4,political_violence,46,21
Thailand,2012,May,5,political_violence,30,21
Thailand,2012,June,6,political_violence,37,23
Thailand,2012,July,7,political_violence,53,38
Thailand,2012,August,8,political_violence,86,18
Thailand,2012,September,9,political_violence,56,29
Thailand,2012,October,10,political_violence,61,37
Thailand,2012,November,11,political_violence,45,35
Thailand,2012,December,12,political_violence,33,20
Thailand,2013,January,1,political_violence,52,26
Thailand,2013,February,2,political_violence,60,50
Thailand,2013,March,3,political_violence,44,28
Thailand,2013,April,4,political_violence,68,44
Thailand,2013,May,5,political_violence,53,55
Thailand,2013,June,6,political_violence,62,29
Thailand,2013,July,7,political_violence,53,31
Thailand,2013,August,8,political_violence,84,37
Thailand,2013,September,9,political_violence,34,33
Thailand,2013,October,10,political_violence,59,34
Thailand,2013,November,11,political_violence,53,30
Thailand,2013,December,12,political_violence,68,33
Thailand,2014,January,1,political_violence,101,44
Thailand,2014,February,2,political_violence,116,61
Thailand,2014,March,3,political_violence,80,55
Thailand,2014,April,4,political_violence,57,47
Thailand,2014,May,5,political_violence,91,24
Thailand,2014,June,6,political_violence,61,29
Thailand,2014,July,7,political_violence,58,42
Thailand,2014,August,8,political_violence,46,22
Thailand,2014,September,9,political_violence,36,23
Thailand,2014,October,10,political_violence,32,13
Thailand,2014,November,11,political_violence,35,35
Thailand,2014,December,12,political_violence,40,18
Thailand,2015,January,1,political_violence,32,20
Thailand,2015,February,2,political_violence,35,6
Thailand,2015,March,3,political_violence,26,16
Thailand,2015,April,4,political_violence,44,26
Thailand,2015,May,5,political_violence,44,26
Thailand,2015,June,6,political_violence,24,14
Thailand,2015,July,7,political_violence,58,40
Thailand,2015,August,8,political_violence,34,42
Thailand,2015,September,9,political_violence,30,16
Thailand,2015,October,10,political_violence,77,23
Thailand,2015,November,11,political_violence,27,7
Thailand,2015,December,12,political_violence,36,10
Thailand,2016,January,1,political_violence,35,16
Thailand,2016,February,2,political_violence,54,23
Thailand,2016,March,3,political_violence,66,28
Thailand,2016,April,4,political_violence,61,30
Thailand,2016,May,5,political_violence,29,10
Thailand,2016,June,6,political_violence,50,16
Thailand,2016,July,7,political_violence,34,21
Thailand,2016,August,8,political_violence,79,18
Thailand,2016,September,9,political_violence,29,19
Thailand,2016,October,10,political_violence,31,27
Thailand,2016,November,11,political_violence,54,22
Thailand,2016,December,12,political_violence,21,20
Thailand,2017,January,1,political_violence,13,11
Thailand,2017,February,2,political_violence,19,8
Thailand,2017,March,3,political_violence,25,25
Thailand,2017,April,4,political_violence,84,8
Thailand,2017,May,5,political_violence,31,21
Thailand,2017,June,6,political_violence,25,27
Thailand,2017,July,7,political_violence,29,16
Thailand,2017,August,8,political_violence,27,12
Thailand,2017,September,9,political_violence,14,10
Thailand,2017,October,10,political_violence,21,9
Thailand,2017,November,11,political_violence,12,5
Thailand,2017,December,12,political_violence,17,10
Thailand,2018,January,1,political_violence,10,6
Thailand,2018,February,2,political_violence,34,4
Thailand,2018,March,3,political_violence,11,4
Thailand,2018,April,4,political_violence,21,9
Thailand,2018,May,5,political_violence,42,7
Thailand,2018,June,6,political_violence,19,14
Thailand,2018,July,7,political_violence,12,4
Thailand,2018,August,8,political_violence,22,15
Thailand,2018,September,9,political_violence,14,14
Thailand,2018,October,10,political_violence,13,6
Thailand,2018,November,11,political_violence,16,19
Thailand,2018,December,12,political_violence,37,15
Thailand,2019,January,1,political_violence,28,22
Thailand,2019,February,2,political_violence,32,20
Thailand,2019,March,3,political_violence,36,12
Thailand,2019,April,4,political_violence,24,15
Thailand,2019,May,5,political_violence,37,18
Thailand,2019,June,6,political_violence,23,13
Thailand,2019,July,7,political_violence,23,19
Thailand,2019,August,8,political_violence,21,7
Thailand,2019,September,9,political_violence,12,6
Thailand,2019,October,10,political_violence,17,7
Thailand,2019,November,11,political_violence,13,24
Thailand,2019,December,12,political_violence,22,11
Thailand,2020,January,1,political_violence,17,15
Thailand,2020,February,2,political_violence,15,22
Thailand,2020,March,3,political_violence,16,15
Thailand,2020,April,4,political_violence,6,7
Thailand,2020,May,5,political_violence,5,5
Thailand,2020,June,6,political_violence,8,4
Thailand,2020,July,7,political_violence,11,4
Thailand,2020,August,8,political_violence,7,9
Thailand,2020,September,9,political_violence,7,4
Thailand,2020,October,10,political_violence,12,5
Thailand,2020,November,11,political_violence,16,5
Thailand,2020,December,12,political_violence,12,7
Thailand,2021,January,1,political_violence,10,2
Thailand,2021,February,2,political_violence,21,6
Thailand,2021,March,3,political_violence,16,9
Thailand,2021,April,4,political_violence,16,6
Thailand,2021,May,5,political_violence,12,5
Thailand,2021,June,6,political_violence,6,6
Thailand,2021,July,7,political_violence,11,6
Thailand,2021,August,8,political_violence,24,8
Thailand,2021,September,9,political_violence,9,5
Thailand,2021,October,10,political_violence,12,6
Thailand,2021,November,11,political_violence,12,0
Thailand,2021,December,12,political_violence,21,5
Thailand,2022,January,1,political_violence,15,5
Thailand,2022,February,2,political_violence,8,4
Thailand,2022,March,3,political_violence,7,3
Thailand,2022,April,4,political_violence,3,3
Thailand,2022,May,5,political_violence,1,0
Thailand,2022,June,6,political_violence,6,0
Thailand,2022,July,7,political_violence,8,8
Thailand,2022,August,8,political_violence,31,6
Thailand,2022,September,9,political_violence,5,3
Thailand,2022,October,10,political_violence,8,2
Thailand,2022,November,11,political_violence,10,6
Thailand,2022,December,12,political_violence,8,3
Thailand,2023,January,1,political_violence,7,4
Thailand,2023,February,2,political_violence,9,3
Thailand,2023,March,3,political_violence,7,3
Thailand,2023,April,4,political_violence,21,4
Thailand,2023,May,5,political_violence,7,4
Thailand,2023,June,6,political_violence,11,5
Thailand,2023,July,7,political_violence,5,4
Thailand,2023,August,8,political_violence,15,11
Thailand,2023,September,9,political_violence,17,1
Thailand,2023,October,10,political_violence,26,1
Thailand,2023,November,11,political_violence,8,2
Thailand,2023,December,12,political_violence,5,15
Thailand,2024,January,1,political_violence,8,3
Thailand,2024,February,2,political_violence,9,5
Thailand,2024,March,3,political_violence,10,5
Thailand,2024,April,4,political_violence,16,7
Thailand,2024,May,5,political_violence,8,6
Thailand,2024,June,6,political_violence,7,5
Thailand,2024,July,7,political_violence,9,3
Thailand,2024,August,8,political_violence,7,5
Thailand,2024,September,9,political_violence,5,0
Thailand,2024,October,10,political_violence,13,2
Thailand,2024,November,11,political_violence,10,3
Thailand,2024,December,12,political_violence,11,6
Thailand,2025,January,1,political_violence,9,7
Thailand,2025,February,2,political_violence,13,3
Thailand,2025,March,3,political_violence,16,7
Thailand,2025,April,4,political_violence,10,7
Thailand,2025,May,5,political_violence,13,11
Thailand,2025,June,6,political_violence,11,5
Thailand,2025,July,7,political_violence,40,41
Thailand,2025,August,8,political_violence,12,1
Thailand,2025,September,9,political_violence,11,4
Thailand,2025,October,10,political_violence,14,6
Thailand,2025,November,11,political_violence,6,2
Thailand,2025,December,12,political_violence,135,29
Thailand,2026,January,1,political_violence,15,1
Thailand,2026,February,2,political_violence,18,0
Thailand,2026,March,3,political_violence,19,7
Thailand,2026,April,4,political_violence,11,5
Thailand,2026,May,5,political_violence,10,6
Thailand,2026,June,6,political_violence,17,3
Thailand,2026,July,7,political_violence,10,7
Thailand,2026,August,8,political_violence,22,5
Thailand,2026,September,9,political_violence,0,0
Turkey,2016,January,1,civilian_targeting,29,75
Turkey,2016,February,2,civilian_targeting,18,61
Turkey,2016,March,3,civilian_targeting,14,54
Turkey,2016,April,4,civilian_targeting,15,18
Turkey,2016,May,5,civilian_targeting,19,27
Turkey,2016,June,6,civilian_targeting,19,58
Turkey,2016,July,7,civilian_targeting,35,21
Turkey,2016,August,8,civilian_targeting,24,68
Turkey,2016,September,9,civilian_targeting,14,10
Turkey,2016,October,10,civilian_targeting,14,14
Turkey,2016,November,11,civilian_targeting,9,12
Turkey,2016,December,12,civilian_targeting,17,28
Turkey,2017,January,1,civilian_targeting,19,42
Turkey,2017,February,2,civilian_targeting,20,9
Turkey,2017,March,3,civilian_targeting,23,4
Turkey,2017,April,4,civilian_targeting,2,2
Turkey,2017,May,5,civilian_targeting,4,6
Turkey,2017,June,6,civilian_targeting,2,1
Turkey,2017,July,7,civilian_targeting,15,15
Turkey,2017,August,8,civilian_targeting,9,10
Turkey,2017,September,9,civilian_targeting,10,12
Turkey,2017,October,10,civilian_targeting,22,10
Turkey,2017,November,11,civilian_targeting,5,3
Turkey,2017,December,12,civilian_targeting,0,0
Turkey,2018,January,1,civilian_targeting,16,6
Turkey,2018,February,2,civilian_targeting,17,2
Turkey,2018,March,3,civilian_targeting,13,10
Turkey,2018,April,4,civilian_targeting,5,2
Turkey,2018,May,5,civilian_targeting,16,4
Turkey,2018,June,6,civilian_targeting,71,6
Turkey,2018,July,7,civilian_targeting,11,7
Turkey,2018,August,8,civilian_targeting,3,0
Turkey,2018,September,9,civilian_targeting,18,5
Turkey,2018,October,10,civilian_targeting,16,1
Turkey,2018,November,11,civilian_targeting,17,1
Turkey,2018,December,12,civilian_targeting,19,3
Turkey,2019,January,1,civilian_targeting,14,0
Turkey,2019,February,2,civilian_targeting,19,0
Turkey,2019,March,3,civilian_targeting,38,1
Turkey,2019,April,4,civilian_targeting,22,2
Turkey,2019,May,5,civilian_targeting,26,4
Turkey,2019,June,6,civilian_targeting,30,10
Turkey,2019,July,7,civilian_targeting,32,9
Turkey,2019,August,8,civilian_targeting,24,4
Turkey,2019,September,9,civilian_targeting,16,8
Turkey,2019,October,10,civilian_targeting,28,23
Turkey,2019,November,11,civilian_targeting,15,0
Turkey,2019,December,12,civilian_targeting,23,1
Turkey,2020,January,1,civilian_targeting,17,1
Turkey,2020,February,2,civilian_targeting,23,0
Turkey,2020,March,3,civilian_targeting,15,5
Turkey,2020,April,4,civilian_targeting,19,7
Turkey,2020,May,5,civilian_targeting,21,2
Turkey,2020,June,6,civilian_targeting,12,8
Turkey,2020,July,7,civilian_targeting,18,10
Turkey,2020,August,8,civilian_targeting,13,0
Turkey,2020,September,9,civilian_targeting,8,3
Turkey,2020,October,10,civilian_targeting,14,4
Turkey,2020,November,11,civilian_targeting,3,4
Turkey,2020,December,12,civilian_targeting,13,0
Turkey,2021,January,1,civilian_targeting,8,0
Turkey,2021,February,2,civilian_targeting,2,0
Turkey,2021,March,3,civilian_targeting,4,2
Turkey,2021,April,4,civilian_targeting,6,2
Turkey,2021,May,5,civilian_targeting,13,0
Turkey,2021,June,6,civilian_targeting,7,3
Turkey,2021,July,7,civilian_targeting,14,8
Turkey,2021,August,8,civilian_targeting,10,2
Turkey,2021,September,9,civilian_targeting,11,3
Turkey,2021,October,10,civilian_targeting,6,2
Turkey,2021,November,11,civilian_targeting,5,4
Turkey,2021,December,12,civilian_targeting,6,1
Turkey,2022,January,1,civilian_targeting,8,2
Turkey,2022,February,2,civilian_targeting,5,2
Turkey,2022,March,3,civilian_targeting,10,2
Turkey,2022,April,4,civilian_targeting,12,1
Turkey,2022,May,5,civilian_targeting,12,4
Turkey,2022,June,6,civilian_targeting,9,3
Turkey,2022,July,7,civilian_targeting,10,1
Turkey,2022,August,8,civilian_targeting,9,1
Turkey,2022,September,9,civilian_targeting,4,1
Turkey,2022,October,10,civilian_targeting,8,3
Turkey,2022,November,11,civilian_targeting,6,9
Turkey,2022,December,12,civilian_targeting,7,3
Turkey,2023,January,1,civilian_targeting,8,7
Turkey,2023,February,2,civilian_targeting,16,4
Turkey,2023,March,3,civilian_targeting,11,3
Turkey,2023,April,4,civilian_targeting,18,2
Turkey,2023,May,5,civilian_targeting,79,4
Turkey,2023,June,6,civilian_targeting,9,1
Turkey,2023,July,7,civilian_targeting,13,2
Turkey,2023,August,8,civilian_targeting,8,0
Turkey,2023,September,9,civilian_targeting,6,1
Turkey,2023,October,10,civilian_targeting,7,0
Turkey,2023,November,11,civilian_targeting,3,0
Turkey,2023,December,12,civilian_targeting,9,0
Turkey,2024,January,1,civilian_targeting,8,1
Turkey,2024,February,2,civilian_targeting,2,0
Turkey,2024,March,3,civilian_targeting,25,2
Turkey,2024,April,4,civilian_targeting,7,0
Turkey,2024,May,5,civilian_targeting,10,1
Turkey,2024,June,6,civilian_targeting,2,0
Turkey,2024,July,7,civilian_targeting,12,3
Turkey,2024,August,8,civilian_targeting,11,1
Turkey,2024,September,9,civilian_targeting,7,3
Turkey,2024,October,10,civilian_targeting,11,1
Turkey,2024,November,11,civilian_targeting,7,0
Turkey,2024,December,12,civilian_targeting,1,0
Turkey,2025,January,1,civilian_targeting,0,0
Turkey,2025,February,2,civilian_targeting,3,0
Turkey,2025,March,3,civilian_targeting,4,0
Turkey,2025,April,4,civilian_targeting,3,0
Turkey,2025,May,5,civilian_targeting,2,0
Turkey,2025,June,6,civilian_targeting,1,0
Turkey,2025,July,7,civilian_targeting,5,0
Turkey,2025,August,8,civilian_targeting,1,0
Turkey,2025,September,9,civilian_targeting,2,1
Turkey,2025,October,10,civilian_targeting,5,2
Turkey,2025,November,11,civilian_targeting,2,0
Turkey,2025,December,12,civilian_targeting,1,0
Turkey,2026,January,1,civilian_targeting,3,0
Turkey,2026,February,2,civilian_targeting,1,0
Turkey,2026,March,3,civilian_targeting,0,0
Turkey,2026,April,4,civilian_targeting,2,0
Turkey,2026,May,5,civilian_targeting,1,0
Turkey,2026,June,6,civilian_targeting,0,0
Turkey,2026,July,7,civilian_targeting,3,0
Turkey,2026,August,8,civilian_targeting,8,1
Turkey,2026,September,9,civilian_targeting,1,0
Turkey,2016,January,1,demonstrations,65,
Turkey,2016,February,2,demonstrations,110,
Turkey,2016,March,3,demonstrations,113,
Turkey,2016,April,4,demonstrations,91,
Turkey,2016,May,5,demonstrations,134,
Turkey,2016,June,6,demonstrations,39,
Turkey,2016,July,7,demonstrations,1368,
Turkey,2016,August,8,demonstrations,81,
Turkey,2016,September,9,demonstrations,6,
Turkey,2016,October,10,demonstrations,15,
Turkey,2016,November,11,demonstrations,66,
Turkey,2016,December,12,demonstrations,83,
Turkey,2017,January,1,demonstrations,18,
Turkey,2017,February,2,demonstrations,26,
Turkey,2017,March,3,demonstrations,38,
Turkey,2017,April,4,demonstrations,84,
Turkey,2017,May,5,demonstrations,56,
Turkey,2017,June,6,demonstrations,26,
Turkey,2017,July,7,demonstrations,37,
Turkey,2017,August,8,demonstrations,15,
Turkey,2017,September,9,demonstrations,40,
Turkey,2017,October,10,demonstrations,91,
Turkey,2017,November,11,demonstrations,90,
Turkey,2017,December,12,demonstrations,143,
Turkey,2018,January,1,demonstrations,124,
Turkey,2018,February,2,demonstrations,103,
Turkey,2018,March,3,demonstrations,151,
Turkey,2018,April,4,demonstrations,118,
Turkey,2018,May,5,demonstrations,183,
Turkey,2018,June,6,demonstrations,133,
Turkey,2018,July,7,demonstrations,152,
Turkey,2018,August,8,demonstrations,125,
Turkey,2018,September,9,demonstrations,178,
Turkey,2018,October,10,demonstrations,181,
Turkey,2018,November,11,demonstrations,225,
Turkey,2018,December,12,demonstrations,161,
Turkey,2019,January,1,demonstrations,157,
Turkey,2019,February,2,demonstrations,180,
Turkey,2019,March,3,demonstrations,276,
Turkey,2019,April,4,demonstrations,290,
Turkey,2019,May,5,demonstrations,355,
Turkey,2019,June,6,demonstrations,158,
Turkey,2019,July,7,demonstrations,218,
Turkey,2019,August,8,demonstrations,231,
Turkey,2019,September,9,demonstrations,417,
Turkey,2019,October,10,demonstrations,313,
Turkey,2019,November,11,demonstrations,207,
Turkey,2019,December,12,demonstrations,310,
Turkey,2020,January,1,demonstrations,213,
Turkey,2020,February,2,demonstrations,196,
Turkey,2020,March,3,demonstrations,194,
Turkey,2020,April,4,demonstrations,73,
Turkey,2020,May,5,demonstrations,153,
Turkey,2020,June,6,demonstrations,192,
Turkey,2020,July,7,demonstrations,233,
Turkey,2020,August,8,demonstrations,171,
Turkey,2020,September,9,demonstrations,226,
Turkey,2020,October,10,demonstrations,200,
Turkey,2020,November,11,demonstrations,164,
Turkey,2020,December,12,demonstrations,187,
Turkey,2021,January,1,demonstrations,238,
Turkey,2021,February,2,demonstrations,187,
Turkey,2021,March,3,demonstrations,277,
Turkey,2021,April,4,demonstrations,204,
Turkey,2021,May,5,demonstrations,247,
Turkey,2021,June,6,demonstrations,253,
Turkey,2021,July,7,demonstrations,273,
Turkey,2021,August,8,demonstrations,199,
Turkey,2021,September,9,demonstrations,200,
Turkey,2021,October,10,demonstrations,218,
Turkey,2021,November,11,demonstrations,369,
Turkey,2021,December,12,demonstrations,359,
Turkey,2022,January,1,demonstrations,325,
Turkey,2022,February,2,demonstrations,465,
Turkey,2022,March,3,demonstrations,437,
Turkey,2022,April,4,demonstrations,394,
Turkey,2022,May,5,demonstrations,344,
Turkey,2022,June,6,demonstrations,347,
Turkey,2022,July,7,demonstrations,323,
Turkey,2022,August,8,demonstrations,253,
Turkey,2022,September,9,demonstrations,332,
Turkey,2022,October,10,demonstrations,279,
Turkey,2022,November,11,demonstrations,260,
Turkey,2022,December,12,demonstrations,304,
Turkey,2023,January,1,demonstrations,308,
Turkey,2023,February,2,demonstrations,141,
Turkey,2023,March,3,demonstrations,331,
Turkey,2023,April,4,demonstrations,301,
Turkey,2023,May,5,demonstrations,232,
Turkey,2023,June,6,demonstrations,273,
Turkey,2023,July,7,demonstrations,374,
Turkey,2023,August,8,demonstrations,414,
Turkey,2023,September,9,demonstrations,370,
Turkey,2023,October,10,demonstrations,730,
Turkey,2023,November,11,demonstrations,532,
Turkey,2023,December,12,demonstrations,664,
Turkey,2024,January,1,demonstrations,377,
Turkey,2024,February,2,demonstrations,419,
Turkey,2024,March,3,demonstrations,436,
Turkey,2024,April,4,demonstrations,422,
Turkey,2024,May,5,demonstrations,937,
Turkey,2024,June,6,demonstrations,743,
Turkey,2024,July,7,demonstrations,506,
Turkey,2024,August,8,demonstrations,395,
Turkey,2024,September,9,demonstrations,372,
Turkey,2024,October,10,demonstrations,518,
Turkey,2024,November,11,demonstrations,375,
Turkey,2024,December,12,demonstrations,393,
Turkey,2025,January,1,demonstrations,442,
Turkey,2025,February,2,demonstrations,418,
Turkey,2025,March,3,demonstrations,646,
Turkey,2025,April,4,demonstrations,351,
Turkey,2025,May,5,demonstrations,435,
Turkey,2025,June,6,demonstrations,456,
Turkey,2025,July,7,demonstrations,449,
Turkey,2025,August,8,demonstrations,405,
Turkey,2025,September,9,demonstrations,441,
Turkey,2025,October,10,demonstrations,575,
Turkey,2025,November,11,demonstrations,427,
Turkey,2025,December,12,demonstrations,541,
Turkey,2026,January,1,demonstrations,693,
Turkey,2026,February,2,demonstrations,482,
Turkey,2026,March,3,demonstrations,514,
Turkey,2026,April,4,demonstrations,512,
Turkey,2026,May,5,demonstrations,394,
Turkey,2026,June,6,demonstrations,265,
Turkey,2026,July,7,demonstrations,286,
Turkey,2026,August,8,demonstrations,234,
Turkey,2026,September,9,demonstrations,77,
Turkey,2016,January,1,political_violence,132,540
Turkey,2016,February,2,political_violence,119,424
Turkey,2016,March,3,political_violence,147,527
Turkey,2016,April,4,political_violence,228,438
Turkey,2016,May,5,political_violence,188,418
Turkey,2016,June,6,political_violence,198,279
Turkey,2016,July,7,political_violence,189,544
Turkey,2016,August,8,political_violence,219,294
Turkey,2016,September,9,political_violence,150,287
Turkey,2016,October,10,political_violence,142,316
Turkey,2016,November,11,political_violence,91,213
Turkey,2016,December,12,political_violence,52,199
Turkey,2017,January,1,political_violence,55,113
Turkey,2017,February,2,political_violence,43,81
Turkey,2017,March,3,political_violence,88,209
Turkey,2017,April,4,political_violence,93,295
Turkey,2017,May,5,political_violence,102,328
Turkey,2017,June,6,political_violence,93,321
Turkey,2017,July,7,political_violence,106,406
Turkey,2017,August,8,political_violence,89,317
Turkey,2017,September,9,political_violence,91,226
Turkey,2017,October,10,political_violence,86,162
Turkey,2017,November,11,political_violence,61,155
Turkey,2017,December,12,political_violence,25,44
Turkey,2018,January,1,political_violence,38,23
Turkey,2018,February,2,political_violence,48,45
Turkey,2018,March,3,political_violence,57,123
Turkey,2018,April,4,political_violence,63,114
Turkey,2018,May,5,political_violence,82,58
Turkey,2018,June,6,political_violence,164,178
Turkey,2018,July,7,political_violence,128,180
Turkey,2018,August,8,political_violence,110,132
Turkey,2018,September,9,political_violence,97,53
Turkey,2018,October,10,political_violence,87,43
Turkey,2018,November,11,political_violence,62,27
Turkey,2018,December,12,political_violence,48,7
Turkey,2019,January,1,political_violence,42,8
Turkey,2019,February,2,political_violence,28,0
Turkey,2019,March,3,political_violence,90,13
Turkey,2019,April,4,political_violence,54,29
Turkey,2019,May,5,political_violence,96,71
Turkey,2019,June,6,political_violence,121,107
Turkey,2019,July,7,political_violence,132,101
Turkey,2019,August,8,political_violence,90,59
Turkey,2019,September,9,political_violence,87,57
Turkey,2019,October,10,political_violence,108,80
Turkey,2019,November,11,political_violence,48,20
Turkey,2019,December,12,political_violence,50,14
Turkey,2020,January,1,political_violence,36,4
Turkey,2020,February,2,political_violence,45,2
Turkey,2020,March,3,political_violence,60,11
Turkey,2020,April,4,political_violence,57,17
Turkey,2020,May,5,political_violence,79,50
Turkey,2020,June,6,political_violence,111,56
Turkey,2020,July,7,political_violence,94,56
Turkey,2020,August,8,political_violence,73,26
Turkey,2020,September,9,political_violence,69,84
Turkey,2020,October,10,political_violence,81,38
Turkey,2020,November,11,political_violence,25,13
Turkey,2020,December,12,political_violence,48,2
Turkey,2021,January,1,political_violence,37,10
Turkey,2021,February,2,political_violence,17,1
Turkey,2021,March,3,political_violence,21,14
Turkey,2021,April,4,political_violence,24,21
Turkey,2021,May,5,political_violence,53,23
Turkey,2021,June,6,political_violence,43,28
Turkey,2021,July,7,political_violence,41,21
Turkey,2021,August,8,political_violence,44,31
Turkey,2021,September,9,political_violence,36,19
Turkey,2021,October,10,political_violence,26,17
Turkey,2021,November,11,political_violence,22,10
Turkey,2021,December,12,political_violence,18,18
Turkey,2022,January,1,political_violence,17,2
Turkey,2022,February,2,political_violence,13,3
Turkey,2022,March,3,political_violence,16,2
Turkey,2022,April,4,political_violence,32,17
Turkey,2022,May,5,political_violence,33,21
Turkey,2022,June,6,political_violence,45,32
Turkey,2022,July,7,political_violence,47,26
Turkey,2022,August,8,political_violence,48,26
Turkey,2022,September,9,political_violence,33,22
Turkey,2022,October,10,political_violence,32,14
Turkey,2022,November,11,political_violence,28,22
Turkey,2022,December,12,political_violence,22,12
Turkey,2023,January,1,political_violence,22,23
Turkey,2023,February,2,political_violence,31,7
Turkey,2023,March,3,political_violence,18,21
Turkey,2023,April,4,political_violence,27,8
Turkey,2023,May,5,political_violence,103,20
Turkey,2023,June,6,political_violence,24,12
Turkey,2023,July,7,political_violence,34,12
Turkey,2023,August,8,political_violence,30,16
Turkey,2023,September,9,political_violence,21,6
Turkey,2023,October,10,political_violence,28,10
Turkey,2023,November,11,political_violence,14,2
Turkey,2023,December,12,political_violence,16,7
Turkey,2024,January,1,political_violence,13,2
Turkey,2024,February,2,political_violence,11,3
Turkey,2024,March,3,political_violence,57,8
Turkey,2024,April,4,political_violence,30,2
Turkey,2024,May,5,political_violence,19,3
Turkey,2024,June,6,political_violence,21,7
Turkey,2024,July,7,political_violence,25,10
Turkey,2024,August,8,political_violence,22,6
Turkey,2024,September,9,political_violence,16,7
Turkey,2024,October,10,political_violence,27,7
Turkey,2024,November,11,political_violence,9,0
Turkey,2024,December,12,political_violence,8,0
Turkey,2025,January,1,political_violence,4,0
Turkey,2025,February,2,political_violence,5,0
Turkey,2025,March,3,political_violence,4,0
Turkey,2025,April,4,political_violence,4,1
Turkey,2025,May,5,political_violence,5,0
Turkey,2025,June,6,political_violence,2,0
Turkey,2025,July,7,political_violence,5,0
Turkey,2025,August,8,political_violence,3,0
Turkey,2025,September,9,political_violence,4,3
Turkey,2025,October,10,political_violence,8,2
Turkey,2025,November,11,political_violence,2,0
Turkey,2025,December,12,political_violence,2,9
Turkey,2026,January,1,political_violence,5,1
Turkey,2026,February,2,political_violence,1,0
Turkey,2026,March,3,political_violence,0,0
Turkey,2026,April,4,political_violence,3,1
Turkey,2026,May,5,political_violence,2,0
Turkey,2026,June,6,political_violence,1,1
Turkey,2026,July,7,political_violence,5,0
Turkey,2026,August,8,political_violence,9,1
Turkey,2026,September,9,political_violence,3,1
Ukraine,2018,January,1,civilian_targeting,15,2
Ukraine,2018,February,2,civilian_targeting,18,2
Ukraine,2018,March,3,civilian_targeting,30,6
Ukraine,2018,April,4,civilian_targeting,30,11
Ukraine,2018,May,5,civilian_targeting,48,13
Ukraine,2018,June,6,civilian_targeting,29,6
Ukraine,2018,July,7,civilian_targeting,26,6
Ukraine,2018,August,8,civilian_targeting,21,3
Ukraine,2018,September,9,civilian_targeting,26,7
Ukraine,2018,October,10,civilian_targeting,19,6
Ukraine,2018,November,11,civilian_targeting,10,0
Ukraine,2018,December,12,civilian_targeting,12,3
Ukraine,2019,January,1,civilian_targeting,22,3
Ukraine,2019,February,2,civilian_targeting,12,2
Ukraine,2019,March,3,civilian_targeting,15,4
Ukraine,2019,April,4,civilian_targeting,24,7
Ukraine,2019,May,5,civilian_targeting,22,11
Ukraine,2019,June,6,civilian_targeting,24,4
Ukraine,2019,July,7,civilian_targeting,30,8
Ukraine,2019,August,8,civilian_targeting,18,4
Ukraine,2019,September,9,civilian_targeting,14,5
Ukraine,2019,October,10,civilian_targeting,16,2
Ukraine,2019,November,11,civilian_targeting,14,3
Ukraine,2019,December,12,civilian_targeting,7,1
Ukraine,2020,January,1,civilian_targeting,15,2
Ukraine,2020,February,2,civilian_targeting,7,2
Ukraine,2020,March,3,civilian_targeting,7,2
Ukraine,2020,April,4,civilian_targeting,9,0
Ukraine,2020,May,5,civilian_targeting,10,3
Ukraine,2020,June,6,civilian_targeting,10,1
Ukraine,2020,July,7,civilian_targeting,12,1
Ukraine,2020,August,8,civilian_targeting,16,1
Ukraine,2020,September,9,civilian_targeting,17,2
Ukraine,2020,October,10,civilian_targeting,29,6
Ukraine,2020,November,11,civilian_targeting,11,0
Ukraine,2020,December,12,civilian_targeting,7,0
Ukraine,2021,January,1,civilian_targeting,4,0
Ukraine,2021,February,2,civilian_targeting,6,1
Ukraine,2021,March,3,civilian_targeting,8,1
Ukraine,2021,April,4,civilian_targeting,15,4
Ukraine,2021,May,5,civilian_targeting,14,2
Ukraine,2021,June,6,civilian_targeting,9,0
Ukraine,2021,July,7,civilian_targeting,3,0
Ukraine,2021,August,8,civilian_targeting,8,1
Ukraine,2021,September,9,civilian_targeting,3,0
Ukraine,2021,October,10,civilian_targeting,4,1
Ukraine,2021,November,11,civilian_targeting,4,0
Ukraine,2021,December,12,civilian_targeting,6,0
Ukraine,2022,January,1,civilian_targeting,4,1
Ukraine,2022,February,2,civilian_targeting,88,161
Ukraine,2022,March,3,civilian_targeting,774,2361
Ukraine,2022,April,4,civilian_targeting,421,452
Ukraine,2022,May,5,civilian_targeting,466,762
Ukraine,2022,June,6,civilian_targeting,390,355
Ukraine,2022,July,7,civilian_targeting,353,422
Ukraine,2022,August,8,civilian_targeting,439,282
Ukraine,2022,September,9,civilian_targeting,417,374
Ukraine,2022,October,10,civilian_targeting,333,237
Ukraine,2022,November,11,civilian_targeting,297,198
Ukraine,2022,December,12,civilian_targeting,260,211
Ukraine,2023,January,1,civilian_targeting,238,184
Ukraine,2023,February,2,civilian_targeting,199,122
Ukraine,2023,March,3,civilian_targeting,274,153
Ukraine,2023,April,4,civilian_targeting,212,162
Ukraine,2023,May,5,civilian_targeting,321,162
Ukraine,2023,June,6,civilian_targeting,296,278
Ukraine,2023,July,7,civilian_targeting,302,150
Ukraine,2023,August,8,civilian_targeting,314,170
Ukraine,2023,September,9,civilian_targeting,292,149
Ukraine,2023,October,10,civilian_targeting,278,178
Ukraine,2023,November,11,civilian_targeting,246,128
Ukraine,2023,December,12,civilian_targeting,264,170
Ukraine,2024,January,1,civilian_targeting,283,181
Ukraine,2024,February,2,civilian_targeting,255,171
Ukraine,2024,March,3,civilian_targeting,298,149
Ukraine,2024,April,4,civilian_targeting,258,173
Ukraine,2024,May,5,civilian_targeting,260,157
Ukraine,2024,June,6,civilian_targeting,312,164
Ukraine,2024,July,7,civilian_targeting,382,199
Ukraine,2024,August,8,civilian_targeting,449,193
Ukraine,2024,September,9,civilian_targeting,458,223
Ukraine,2024,October,10,civilian_targeting,410,257
Ukraine,2024,November,11,civilian_targeting,323,217
Ukraine,2024,December,12,civilian_targeting,244,100
Ukraine,2025,January,1,civilian_targeting,320,143
Ukraine,2025,February,2,civilian_targeting,352,123
Ukraine,2025,March,3,civilian_targeting,421,174
Ukraine,2025,April,4,civilian_targeting,422,240
Ukraine,2025,May,5,civilian_targeting,447,167
Ukraine,2025,June,6,civilian_targeting,464,247
Ukraine,2025,July,7,civilian_targeting,571,305
Ukraine,2025,August,8,civilian_targeting,532,263
Ukraine,2025,September,9,civilian_targeting,537,273
Ukraine,2025,October,10,civilian_targeting,469,227
Ukraine,2025,November,11,civilian_targeting,463,256
Ukraine,2025,December,12,civilian_targeting,457,177
Ukraine,2026,January,1,civilian_targeting,408,206
Ukraine,2026,February,2,civilian_targeting,465,199
Ukraine,2026,March,3,civilian_targeting,597,265
Ukraine,2026,April,4,civilian_targeting,601,256
Ukraine,2026,May,5,civilian_targeting,724,286
Ukraine,2026,June,6,civilian_targeting,832,358
Ukraine,2026,July,7,civilian_targeting,970,543
Ukraine,2026,August,8,civilian_targeting,938,462
Ukraine,2026,September,9,civilian_targeting,195,57
Ukraine,2018,January,1,demonstrations,117,
Ukraine,2018,February,2,demonstrations,125,
Ukraine,2018,March,3,demonstrations,128,
Ukraine,2018,April,4,demonstrations,76,
Ukraine,2018,May,5,demonstrations,112,
Ukraine,2018,June,6,demonstrations,124,
Ukraine,2018,July,7,demonstrations,94,
Ukraine,2018,August,8,demonstrations,70,
Ukraine,2018,September,9,demonstrations,113,
Ukraine,2018,October,10,demonstrations,86,
Ukraine,2018,November,11,demonstrations,252,
Ukraine,2018,December,12,demonstrations,72,
Ukraine,2019,January,1,demonstrations,78,
Ukraine,2019,February,2,demonstrations,86,
Ukraine,2019,March,3,demonstrations,82,
Ukraine,2019,April,4,demonstrations,55,
Ukraine,2019,May,5,demonstrations,160,
Ukraine,2019,June,6,demonstrations,97,
Ukraine,2019,July,7,demonstrations,77,
Ukraine,2019,August,8,demonstrations,76,
Ukraine,2019,September,9,demonstrations,144,
Ukraine,2019,October,10,demonstrations,239,
Ukraine,2019,November,11,demonstrations,177,
Ukraine,2019,December,12,demonstrations,190,
Ukraine,2020,January,1,demonstrations,93,
Ukraine,2020,February,2,demonstrations,118,
Ukraine,2020,March,3,demonstrations,68,
Ukraine,2020,April,4,demonstrations,46,
Ukraine,2020,May,5,demonstrations,140,
Ukraine,2020,June,6,demonstrations,162,
Ukraine,2020,July,7,demonstrations,166,
Ukraine,2020,August,8,demonstrations,108,
Ukraine,2020,September,9,demonstrations,138,
Ukraine,2020,October,10,demonstrations,111,
Ukraine,2020,November,11,demonstrations,137,
Ukraine,2020,December,12,demonstrations,99,
Ukraine,2021,January,1,demonstrations,189,
Ukraine,2021,February,2,demonstrations,134,
Ukraine,2021,March,3,demonstrations,140,
Ukraine,2021,April,4,demonstrations,94,
Ukraine,2021,May,5,demonstrations,97,
Ukraine,2021,June,6,demonstrations,79,
Ukraine,2021,July,7,demonstrations,58,
Ukraine,2021,August,8,demonstrations,63,
Ukraine,2021,September,9,demonstrations,84,
Ukraine,2021,October,10,demonstrations,85,
Ukraine,2021,November,11,demonstrations,87,
Ukraine,2021,December,12,demonstrations,65,
Ukraine,2022,January,1,demonstrations,51,
Ukraine,2022,February,2,demonstrations,57,
Ukraine,2022,March,3,demonstrations,104,
Ukraine,2022,April,4,demonstrations,16,
Ukraine,2022,May,5,demonstrations,13,
Ukraine,2022,June,6,demonstrations,1,
Ukraine,2022,July,7,demonstrations,0,
Ukraine,2022,August,8,demonstrations,16,
Ukraine,2022,September,9,demonstrations,15,
Ukraine,2022,October,10,demonstrations,5,
Ukraine,2022,November,11,demonstrations,6,
Ukraine,2022,December,12,demonstrations,6,
Ukraine,2023,January,1,demonstrations,6,
Ukraine,2023,February,2,demonstrations,4,
Ukraine,2023,March,3,demonstrations,6,
Ukraine,2023,April,4,demonstrations,8,
Ukraine,2023,May,5,demonstrations,4,
Ukraine,2023,June,6,demonstrations,6,
Ukraine,2023,July,7,demonstrations,6,
Ukraine,2023,August,8,demonstrations,6,
Ukraine,2023,September,9,demonstrations,9,
Ukraine,2023,October,10,demonstrations,15,
Ukraine,2023,November,11,demonstrations,27,
Ukraine,2023,December,12,demonstrations,35,
Ukraine,2024,January,1,demonstrations,27,
Ukraine,2024,February,2,demonstrations,47,
Ukraine,2024,March,3,demonstrations,45,
Ukraine,2024,April,4,demonstrations,18,
Ukraine,2024,May,5,demonstrations,34,
Ukraine,2024,June,6,demonstrations,33,
Ukraine,2024,July,7,demonstrations,30,
Ukraine,2024,August,8,demonstrations,19,
Ukraine,2024,September,9,demonstrations,18,
Ukraine,2024,October,10,demonstrations,20,
Ukraine,2024,November,11,demonstrations,15,
Ukraine,2024,December,12,demonstrations,18,
Ukraine,2025,January,1,demonstrations,21,
Ukraine,2025,February,2,demonstrations,11,
Ukraine,2025,March,3,demonstrations,33,
Ukraine,2025,April,4,demonstrations,17,
Ukraine,2025,May,5,demonstrations,26,
Ukraine,2025,June,6,demonstrations,24,
Ukraine,2025,July,7,demonstrations,102,
Ukraine,2025,August,8,demonstrations,40,
Ukraine,2025,September,9,demonstrations,21,
Ukraine,2025,October,10,demonstrations,21,
Ukraine,2025,November,11,demonstrations,28,
Ukraine,2025,December,12,demonstrations,29,
Ukraine,2026,January,1,demonstrations,25,
Ukraine,2026,February,2,demonstrations,23,
Ukraine,2026,March,3,demonstrations,30,
Ukraine,2026,April,4,demonstrations,18,
Ukraine,2026,May,5,demonstrations,48,
Ukraine,2026,June,6,demonstrations,16,
Ukraine,2026,July,7,demonstrations,185,
Ukraine,2026,August,8,demonstrations,49,
Ukraine,2026,September,9,demonstrations,1,
Ukraine,2018,January,1,political_violence,719,55
Ukraine,2018,February,2,political_violence,1060,27
Ukraine,2018,March,3,political_violence,800,35
Ukraine,2018,April,4,political_violence,1110,40
Ukraine,2018,May,5,political_violence,1301,186
Ukraine,2018,June,6,political_violence,1169,123
Ukraine,2018,July,7,political_violence,921,51
Ukraine,2018,August,8,political_violence,1054,91
Ukraine,2018,September,9,political_violence,1193,85
Ukraine,2018,October,10,political_violence,1495,73
Ukraine,2018,November,11,political_violence,1290,52
Ukraine,2018,December,12,political_violence,1262,74
Ukraine,2019,January,1,political_violence,1051,66
Ukraine,2019,February,2,political_violence,1164,75
Ukraine,2019,March,3,political_violence,1379,30
Ukraine,2019,April,4,political_violence,1338,36
Ukraine,2019,May,5,political_violence,1276,21
Ukraine,2019,June,6,political_violence,1448,24
Ukraine,2019,July,7,political_violence,1205,32
Ukraine,2019,August,8,political_violence,924,32
Ukraine,2019,September,9,political_violence,1246,26
Ukraine,2019,October,10,political_violence,1540,17
Ukraine,2019,November,11,political_violence,1219,16
Ukraine,2019,December,12,political_violence,1078,17
Ukraine,2020,January,1,political_violence,1025,18
Ukraine,2020,February,2,political_violence,1092,11
Ukraine,2020,March,3,political_violence,1387,15
Ukraine,2020,April,4,political_violence,1064,8
Ukraine,2020,May,5,political_violence,1162,12
Ukraine,2020,June,6,political_violence,820,8
Ukraine,2020,July,7,political_violence,716,11
Ukraine,2020,August,8,political_violence,129,13
Ukraine,2020,September,9,political_violence,189,5
Ukraine,2020,October,10,political_violence,266,9
Ukraine,2020,November,11,political_violence,243,5
Ukraine,2020,December,12,political_violence,358,6
Ukraine,2021,January,1,political_violence,392,4
Ukraine,2021,February,2,political_violence,404,15
Ukraine,2021,March,3,political_violence,463,19
Ukraine,2021,April,4,political_violence,763,21
Ukraine,2021,May,5,political_violence,820,21
Ukraine,2021,June,6,political_violence,464,19
Ukraine,2021,July,7,political_violence,631,7
Ukraine,2021,August,8,political_violence,555,13
Ukraine,2021,September,9,political_violence,611,9
Ukraine,2021,October,10,political_violence,706,4
Ukraine,2021,November,11,political_violence,937,12
Ukraine,2021,December,12,political_violence,549,5
Ukraine,2022,January,1,political_violence,427,8
Ukraine,2022,February,2,political_violence,1442,557
Ukraine,2022,March,3,political_violence,2493,4896
Ukraine,2022,April,4,political_violence,2131,2725
Ukraine,2022,May,5,political_violence,2913,4385
Ukraine,2022,June,6,political_violence,3499,2897
Ukraine,2022,July,7,political_violence,4205,2932
Ukraine,2022,August,8,political_violence,4907,3697
Ukraine,2022,September,9,political_violence,4650,3788
Ukraine,2022,October,10,political_violence,4041,5433
Ukraine,2022,November,11,political_violence,3997,5384
Ukraine,2022,December,12,political_violence,3880,3389
Ukraine,2023,January,1,political_violence,4030,2688
Ukraine,2023,February,2,political_violence,4072,2347
Ukraine,2023,March,3,political_violence,4579,2880
Ukraine,2023,April,4,political_violence,4076,2894
Ukraine,2023,May,5,political_violence,4680,3811
Ukraine,2023,June,6,political_violence,4934,3328
Ukraine,2023,July,7,political_violence,4744,3480
Ukraine,2023,August,8,political_violence,5097,4129
Ukraine,2023,September,9,political_violence,4495,2950
Ukraine,2023,October,10,political_violence,4451,4006
Ukraine,2023,November,11,political_violence,4229,3793
Ukraine,2023,December,12,political_violence,3991,3314
Ukraine,2024,January,1,political_violence,4047,3566
Ukraine,2024,February,2,political_violence,3819,3885
Ukraine,2024,March,3,political_violence,4533,4437
Ukraine,2024,April,4,political_violence,3918,3031
Ukraine,2024,May,5,political_violence,3982,8084
Ukraine,2024,June,6,political_violence,3607,8162
Ukraine,2024,July,7,political_violence,4010,5521
Ukraine,2024,August,8,political_violence,4749,4654
Ukraine,2024,September,9,political_violence,5019,5239
Ukraine,2024,October,10,political_violence,5168,6520
Ukraine,2024,November,11,political_violence,4604,8374
Ukraine,2024,December,12,political_violence,4579,8400
Ukraine,2025,January,1,political_violence,5271,6772
Ukraine,2025,February,2,political_violence,4965,6383
Ukraine,2025,March,3,political_violence,5945,7343
Ukraine,2025,April,4,political_violence,6328,7461
Ukraine,2025,May,5,political_violence,6816,6995
Ukraine,2025,June,6,political_violence,6739,6616
Ukraine,2025,July,7,political_violence,6704,5026
Ukraine,2025,August,8,political_violence,6436,5441
Ukraine,2025,September,9,political_violence,6469,4791
Ukraine,2025,October,10,political_violence,6459,5086
Ukraine,2025,November,11,political_violence,6358,6364
Ukraine,2025,December,12,political_violence,6468,8602
Ukraine,2026,January,1,political_violence,6580,6930
Ukraine,2026,February,2,political_violence,6425,4547
Ukraine,2026,March,3,political_violence,7508,5438
Ukraine,2026,April,4,political_violence,7071,4781
Ukraine,2026,May,5,political_violence,7291,4300
Ukraine,2026,June,6,political_violence,7819,3948
Ukraine,2026,July,7,political_violence,8434,4060
Ukraine,2026,August,8,political_violence,8199,4008
Ukraine,2026,September,9,political_violence,1747,1010
